POKEDESK NUMBER,NAME,TYPE1,TYPE2,COLOR,HEIGHT,WEIGHT,HP,ATK,DEF,SP ATK,SP DEF,SPD,TOTAL
#001,Bulbasaur,Grass,Poison,Green,0.7 m,6.9 kg,45,49,49,65,65,45,318
#002,Ivysaur,Grass,Poison,Green,1.0 m,13.0 kg,60,62,63,80,80,60,405
#003,Venusaur,Grass,Poison,Green,2.0 m,100.0 kg,80,82,83,100,100,80,525
#004,Charmander,Fire,Unknown,Red,0.6 m,8.5 kg,39,52,43,60,50,65,309
#005,Charmeleon,Fire,Unknown,Red,1.1 m,19.0 kg,58,64,58,80,65,80,405
#006,Charizard,Fire,Flying,Red,1.7 m,90.5 kg,78,84,78,109,85,100,534
#007,Squirtle,Water,Unknown,Blue,0.5 m,9.0 kg,44,48,65,50,64,43,314
#008,Wartortle,Water,Unknown,Blue,1.0 m,22.5 kg,59,63,80,65,80,58,405
#009,Blastoise,Water,Unknown,Blue,1.6 m,85.5 kg,79,83,100,85,105,78,530
#010,Caterpie,Bug,Unknown,Green,0.3 m,2.9 kg,45,30,35,20,20,45,195
#011,Metapod,Bug,Unknown,,0.7 m,9.9 kg,50,20,55,25,25,30,205
#012,Butterfree,Bug,Flying,White,1.1 m,32.0 kg,60,45,50,80,80,70,385
#013,Weedle,Bug,Poison,Brown,0.3 m,3.2 kg,40,35,30,20,20,50,195
#014,Kakuna,Bug,Poison,,0.6 m,10.0 kg,45,25,50,25,25,35,205
#015,Beedrill,Bug,Poison,Yellow,1.0 m,29.5 kg,65,80,40,45,80,75,385
#016,Pidgey,Normal,Flying,Brown,0.3 m,1.8 kg,40,45,40,35,35,56,251
#017,Pidgeotto,Normal,Flying,Brown,1.1 m,30.0 kg,63,60,55,50,50,71,349
#018,Pidgeot,Normal,Flying,Brown,1.5 m,39.5 kg,83,80,75,70,70,91,469
#019,Rattata,Normal,Unknown,Purple,0.3 m,3.5 kg,30,56,35,25,35,72,253
#020,Raticate,Normal,Unknown,Brown,0.7 m,18.5 kg,55,81,60,50,70,97,413
#021,Spearow,Normal,Flying,Brown,0.3 m,2.0 kg,40,60,30,31,31,70,262
#022,Fearow,Normal,Flying,Brown,1.2 m,38.0 kg,65,90,65,61,61,100,442
#023,Ekans,Poison,Unknown,Purple,2.0 m,6.9 kg,35,60,44,40,54,55,288
#024,Arbok,Poison,Unknown,Purple,3.5 m,65.0 kg,60,85,69,65,79,80,438
#025,Pikachu,Electric,Unknown,Yellow,0.4 m,6.0 kg,35,55,30,50,40,90,300
#026,Raichu,Electric,Unknown,Yellow,0.8 m,30.0 kg,60,90,55,90,80,100,475
#027,Sandshrew,Ground,Unknown,Yellow,0.6 m,12.0 kg,50,75,85,20,30,40,300
#028,Sandslash,Ground,Unknown,Yellow,1.0 m,29.5 kg,75,100,110,45,55,65,450
#029,Nidoran♀,Poison,Unknown,Blue,0.4 m,7.0 kg,55,47,52,40,40,41,275
#030,Nidorina,Poison,Unknown,Blue,0.8 m,20.0 kg,70,62,67,55,55,56,365
#031,Nidoqueen,Poison,Ground,Blue,1.3 m,60.0 kg,90,82,87,75,85,76,495
#032,Nidoran♂,Poison,Unknown,Purple,0.5 m,9.0 kg,46,57,40,40,40,50,273
#033,Nidorino,Poison,Unknown,Purple,0.9 m,19.5 kg,61,72,57,55,55,65,365
#034,Nidoking,Poison,Ground,Purple,1.4 m,62.0 kg,81,92,77,85,75,85,495
#035,Clefairy,Fairy,Unknown,Pink,0.6 m,7.5 kg,70,45,48,60,65,35,323
#036,Clefable,Fairy,Unknown,Pink,1.3 m,40.0 kg,95,70,73,85,90,60,473
#037,Vulpix,Fire,Unknown,Brown,0.6 m,9.9 kg,38,41,40,50,65,65,299
#038,Ninetales,Fire,Unknown,Yellow,1.1 m,19.9 kg,73,76,75,81,100,100,505
#039,Jigglypuff,Normal,Fairy,Pink,0.5 m,5.5 kg,115,45,20,45,25,20,270
#040,Wigglytuff,Normal,Fairy,Pink,1.0 m,12.0 kg,140,70,45,75,50,45,425
#041,Zubat,Poison,Flying,Purple,0.8 m,7.5 kg,40,45,35,30,40,55,245
#042,Golbat,Poison,Flying,Purple,1.6 m,55.0 kg,75,80,70,65,75,90,455
#043,Oddish,Grass,Poison,Blue,0.5 m,5.4 kg,45,50,55,75,65,30,320
#044,Gloom,Grass,Poison,Blue,0.8 m,8.6 kg,60,65,70,85,75,40,395
#045,Vileplume,Grass,Poison,Red,1.2 m,18.6 kg,75,80,85,100,90,50,480
#046,Paras,Bug,Grass,Red,0.3 m,5.4 kg,35,70,55,45,55,25,285
#047,Parasect,Bug,Grass,Red,1.0 m,29.5 kg,60,95,80,60,80,30,405
#048,Venonat,Bug,Poison,Purple,1.0 m,30.0 kg,60,55,50,40,55,45,305
#049,Venomoth,Bug,Poison,Purple,1.5 m,12.5 kg,70,65,60,90,75,90,450
#050,Diglett,Ground,Unknown,Brown,0.2 m,0.8 kg,10,55,25,35,45,95,265
#051,Dugtrio,Ground,Unknown,Brown,0.7 m,33.3 kg,35,80,50,50,70,120,405
#052,Meowth,Normal,Unknown,Yellow,0.4 m,4.2 kg,40,45,35,40,40,90,290
#053,Persian,Normal,Unknown,Yellow,1.0 m,32.0 kg,65,70,60,65,65,115,440
#054,Psyduck,Water,Unknown,Yellow,0.8 m,19.6 kg,50,52,48,65,50,55,320
#055,Golduck,Water,Unknown,Blue,1.7 m,76.6 kg,80,82,78,95,80,85,500
#056,Mankey,Fighting,Unknown,Brown,0.5 m,28.0 kg,40,80,35,35,45,70,305
#057,Primeape,Fighting,Unknown,Brown,1.0 m,32.0 kg,65,105,60,60,70,95,455
#058,Growlithe,Fire,Unknown,Brown,0.7 m,19.0 kg,55,70,45,70,50,60,350
#059,Arcanine,Fire,Unknown,Brown,1.9 m,155.0 kg,90,110,80,100,80,95,555
#060,Poliwag,Water,Unknown,Blue,0.6 m,12.4 kg,40,50,40,40,40,90,300
#061,Poliwhirl,Water,Unknown,Blue,1.0 m,20.0 kg,65,65,65,50,50,90,385
#062,Poliwrath,Water,Fighting,Blue,1.3 m,54.0 kg,90,85,95,70,90,70,500
#063,Abra,Psychic,Unknown,Brown,0.9 m,19.5 kg,25,20,15,105,55,90,310
#064,Kadabra,Psychic,Unknown,Brown,1.3 m,56.5 kg,40,35,30,120,70,105,400
#065,Alakazam,Psychic,Unknown,Brown,1.5 m,48.0 kg,55,50,45,135,85,120,490
#066,Machop,Fighting,Unknown,Gray,0.8 m,19.5 kg,70,80,50,35,35,35,305
#067,Machoke,Fighting,Unknown,Gray,1.5 m,70.5 kg,80,100,70,50,60,45,405
#068,Machamp,Fighting,Unknown,Gray,1.6 m,130.0 kg,90,130,80,65,85,55,505
#069,Bellsprout,Grass,Poison,Green,0.7 m,4.0 kg,50,75,35,70,30,40,300
#070,Weepinbell,Grass,Poison,Green,1.0 m,6.4 kg,65,90,50,85,45,55,390
#071,Victreebel,Grass,Poison,Green,1.7 m,15.5 kg,80,105,65,100,60,70,480
#072,Tentacool,Water,Poison,Blue,0.9 m,45.5 kg,40,40,35,50,100,70,335
#073,Tentacruel,Water,Poison,Blue,1.6 m,55.0 kg,80,70,65,80,120,100,515
#074,Geodude,Rock,Ground,Brown,0.4 m,20.0 kg,40,80,100,30,30,20,300
#075,Graveler,Rock,Ground,Brown,1.0 m,105.0 kg,55,95,115,45,45,35,390
#076,Golem,Rock,Ground,Brown,1.4 m,300.0 kg,80,110,130,55,65,45,485
#077,Ponyta,Fire,Unknown,Yellow,1.0 m,30.0 kg,50,85,55,65,65,90,410
#078,Rapidash,Fire,Unknown,Yellow,1.7 m,95.0 kg,65,100,70,80,80,105,500
#079,Slowpoke,Water,Psychic,Pink,1.2 m,36.0 kg,90,65,65,40,40,15,315
#080,Slowbro,Water,Psychic,Pink,1.6 m,78.5 kg,95,75,110,100,80,30,490
#081,Magnemite,Electric,Steel,Gray,0.3 m,6.0 kg,25,35,70,95,55,45,325
#082,Magneton,Electric,Steel,Gray,1.0 m,60.0 kg,50,60,95,120,70,70,465
#083,Farfetch'd,Normal,Flying,Brown,0.8 m,15.0 kg,52,65,55,58,62,60,352
#084,Doduo,Normal,Flying,Brown,1.4 m,39.2 kg,35,85,45,35,35,75,310
#085,Dodrio,Normal,Flying,Brown,1.8 m,85.2 kg,60,110,70,60,60,100,460
#086,Seel,Water,Unknown,White,1.1 m,90.0 kg,65,45,55,45,70,45,325
#087,Dewgong,Water,Ice,White,1.7 m,120.0 kg,90,70,80,70,95,70,475
#088,Grimer,Poison,Unknown,Purple,0.9 m,30.0 kg,80,80,50,40,50,25,325
#089,Muk,Poison,Unknown,Purple,1.2 m,30.0 kg,105,105,75,65,100,50,500
#090,Shellder,Water,Unknown,Purple,0.3 m,4.0 kg,30,65,100,45,25,40,305
#091,Cloyster,Water,Ice,Purple,1.5 m,132.5 kg,50,95,180,85,45,70,525
#092,Gastly,Ghost,Poison,,1.3 m,0.1 kg,30,35,30,100,35,80,310
#093,Haunter,Ghost,Poison,,1.6 m,0.1 kg,45,50,45,115,55,95,405
#094,Gengar,Ghost,Poison,Purple,1.5 m,40.5 kg,60,65,60,130,75,110,500
#095,Onix,Rock,Ground,Gray,8.8 m,210.0 kg,35,45,160,30,45,70,385
#096,Drowzee,Psychic,Unknown,Yellow,1.0 m,32.4 kg,60,48,45,43,90,42,328
#097,Hypno,Psychic,Unknown,Yellow,1.6 m,75.6 kg,85,73,70,73,115,67,483
#098,Krabby,Water,Unknown,Red,0.4 m,6.5 kg,30,105,90,25,25,50,325
#099,Kingler,Water,Unknown,Red,1.3 m,60.0 kg,55,130,115,50,50,75,475
#100,Voltorb,Electric,Unknown,Red,0.5 m,10.4 kg,40,30,50,55,55,100,330
#101,Electrode,Electric,Unknown,Red,1.2 m,66.6 kg,60,50,70,80,80,140,480
#102,Exeggcute,Grass,Psychic,Pink,0.4 m,2.5 kg,60,40,80,60,45,40,325
#103,Exeggutor,Grass,Psychic,Yellow,2.0 m,120.0 kg,95,95,85,125,65,55,520
#104,Cubone,Ground,Unknown,Brown,0.4 m,6.5 kg,50,50,95,40,50,35,320
#105,Marowak,Ground,Unknown,Brown,1.0 m,45.0 kg,60,80,110,50,80,45,425
#106,Hitmonlee,Fighting,Unknown,Brown,1.5 m,49.8 kg,50,120,53,35,110,87,455
#107,Hitmonchan,Fighting,Unknown,Brown,1.4 m,50.2 kg,50,105,79,35,110,76,455
#108,Lickitung,Normal,Unknown,Pink,1.2 m,65.5 kg,90,55,75,60,75,30,385
#109,Koffing,Poison,Unknown,Purple,0.6 m,1.0 kg,40,65,95,60,45,35,340
#110,Weezing,Poison,Unknown,Purple,1.2 m,9.5 kg,65,90,120,85,70,60,490
#111,Rhyhorn,Ground,Rock,Gray,1.0 m,115.0 kg,80,85,95,30,30,25,345
#112,Rhydon,Ground,Rock,Gray,1.9 m,120.0 kg,105,130,120,45,45,40,485
#113,Chansey,Normal,Unknown,Pink,1.1 m,34.6 kg,250,5,5,35,105,50,450
#114,Tangela,Grass,Unknown,Blue,1.0 m,35.0 kg,65,55,115,100,40,60,435
#115,Kangaskhan,Normal,Unknown,Brown,2.2 m,80.0 kg,105,95,80,40,80,90,490
#116,Horsea,Water,Unknown,Blue,0.4 m,8.0 kg,30,40,70,70,25,60,295
#117,Seadra,Water,Unknown,Blue,1.2 m,25.0 kg,55,65,95,95,45,85,440
#118,Goldeen,Water,Unknown,Red,0.6 m,15.0 kg,45,67,60,35,50,63,320
#119,Seaking,Water,Unknown,Red,1.3 m,39.0 kg,80,92,65,65,80,68,450
#120,Staryu,Water,Unknown,Brown,0.8 m,34.5 kg,30,45,55,70,55,85,340
#121,Starmie,Water,Psychic,Purple,1.1 m,80.0 kg,60,75,85,100,85,115,520
#122,Mr. Mime,Psychic,Fairy,Pink,1.3 m,54.5 kg,40,45,65,100,120,90,460
#123,Scyther,Bug,Flying,Green,1.5 m,56.0 kg,70,110,80,55,80,105,500
#124,Jynx,Ice,Psychic,Red,1.4 m,40.6 kg,65,50,35,115,95,95,455
#125,Electabuzz,Electric,Unknown,Yellow,1.1 m,30.0 kg,65,83,57,95,85,105,490
#126,Magmar,Fire,Unknown,Red,1.3 m,44.5 kg,65,95,57,100,85,93,495
#127,Pinsir,Bug,Unknown,Brown,1.5 m,55.0 kg,65,125,100,55,70,85,500
#128,Tauros,Normal,Unknown,Brown,1.4 m,88.4 kg,75,100,95,40,70,110,490
#129,Magikarp,Water,Unknown,Red,0.9 m,10.0 kg,20,10,55,15,20,80,200
#130,Gyarados,Water,Flying,Blue,6.5 m,235.0 kg,95,125,79,60,100,81,540
#131,Lapras,Water,Ice,Blue,2.5 m,220.0 kg,130,85,80,85,95,60,535
#132,Ditto,Normal,Unknown,Purple,0.3 m,4.0 kg,48,48,48,48,48,48,288
#133,Eevee,Normal,Unknown,Brown,0.3 m,6.5 kg,55,55,50,45,65,55,325
#134,Vaporeon,Water,Unknown,Blue,1.0 m,29.0 kg,130,65,60,110,95,65,525
#135,Jolteon,Electric,Unknown,Yellow,0.8 m,24.5 kg,65,65,60,110,95,130,525
#136,Flareon,Fire,Unknown,Red,0.9 m,25.0 kg,65,130,60,95,110,65,525
#137,Porygon,Normal,Unknown,Pink,0.8 m,36.5 kg,65,60,70,85,75,40,395
#138,Omanyte,Rock,Water,Blue,0.4 m,7.5 kg,35,40,100,90,55,35,355
#139,Omastar,Rock,Water,Blue,1.0 m,35.0 kg,70,60,125,115,70,55,495
#140,Kabuto,Rock,Water,Brown,0.5 m,11.5 kg,30,80,90,55,45,55,355
#141,Kabutops,Rock,Water,Brown,1.3 m,40.5 kg,60,115,105,65,70,80,495
#142,Aerodactyl,Rock,Flying,Purple,1.8 m,59.0 kg,80,105,65,60,75,130,515
#143,Snorlax,Normal,Unknown,Black,2.1 m,460.0 kg,160,110,65,65,110,30,540
#144,Articuno,Ice,Flying,Blue,1.7 m,55.4 kg,90,85,100,95,125,85,580
#145,Zapdos,Electric,Flying,Yellow,1.6 m,52.6 kg,90,90,85,125,90,100,580
#146,Moltres,Fire,Flying,Yellow,2.0 m,60.0 kg,90,100,90,125,85,90,580
#147,Dratini,Dragon,Unknown,Blue,1.8 m,3.3 kg,41,64,45,50,50,50,300
#148,Dragonair,Dragon,Unknown,Blue,4.0 m,16.5 kg,61,84,65,70,70,70,420
#149,Dragonite,Dragon,Flying,Brown,2.2 m,210.0 kg,91,134,95,100,100,80,600
#150,Mewtwo,Psychic,Unknown,Purple,2.0 m,122.0 kg,106,110,90,154,90,130,680
#151,Mew,Psychic,Unknown,,0.4 m,4.0 kg,100,100,100,100,100,100,600
#152,Chikorita,Grass,Unknown,Green,0.9 m,6.4 kg,45,49,65,49,65,45,318
#153,Bayleef,Grass,Unknown,Green,1.2 m,15.8 kg,60,62,80,63,80,60,405
#154,Meganium,Grass,Unknown,Green,1.8 m,100.5 kg,80,82,100,83,100,80,525
#155,Cyndaquil,Fire,Unknown,Yellow,0.5 m,7.9 kg,39,52,43,60,50,65,309
#156,Quilava,Fire,Unknown,Yellow,0.9 m,19.0 kg,58,64,58,80,65,80,405
#157,Typhlosion,Fire,Unknown,Yellow,1.7 m,79.5 kg,78,84,78,109,85,100,534
#158,Totodile,Water,Unknown,Blue,0.6 m,9.5 kg,50,65,64,44,48,43,314
#159,Croconaw,Water,Unknown,Blue,1.1 m,25.0 kg,65,80,80,59,63,58,405
#160,Feraligatr,Water,Unknown,Blue,2.3 m,88.8 kg,85,105,100,79,83,78,530
#161,Sentret,Normal,Unknown,Brown,0.8 m,6.0 kg,35,46,34,35,45,20,215
#162,Furret,Normal,Unknown,Brown,1.8 m,32.5 kg,85,76,64,45,55,90,415
#163,Hoothoot,Normal,Flying,Brown,0.7 m,21.2 kg,60,30,30,36,56,50,262
#164,Noctowl,Normal,Flying,Brown,1.6 m,40.8 kg,100,50,50,76,96,70,442
#165,Ledyba,Bug,Flying,Red,1.0 m,10.8 kg,40,20,30,40,80,55,265
#166,Ledian,Bug,Flying,Red,1.4 m,35.6 kg,55,35,50,55,110,85,390
#167,Spinarak,Bug,Poison,Green,0.5 m,8.5 kg,40,60,40,40,40,30,250
#168,Ariados,Bug,Poison,Red,1.1 m,33.5 kg,70,90,70,60,60,40,390
#169,Crobat,Poison,Flying,Purple,1.8 m,75.0 kg,85,90,80,70,80,130,535
#170,Chinchou,Water,Electric,Blue,0.5 m,12.0 kg,75,38,38,56,56,67,330
#171,Lanturn,Water,Electric,Blue,1.2 m,22.5 kg,125,58,58,76,76,67,460
#172,Pichu,Electric,Unknown,Yellow,0.3 m,2.0 kg,20,40,15,35,35,60,205
#173,Cleffa,Fairy,Unknown,Pink,0.3 m,3.0 kg,50,25,28,45,55,15,218
#174,Igglybuff,Normal,Fairy,Pink,0.3 m,1.0 kg,90,30,15,40,20,15,210
#175,Togepi,Fairy,Unknown,White,0.3 m,1.5 kg,35,20,65,40,65,20,245
#176,Togetic,Fairy,Flying,White,0.6 m,3.2 kg,55,40,85,80,105,40,405
#177,Natu,Psychic,Flying,Green,0.2 m,2.0 kg,40,50,45,70,45,70,320
#178,Xatu,Psychic,Flying,Green,1.5 m,15.0 kg,65,75,70,95,70,95,470
#179,Mareep,Electric,Unknown,White,0.6 m,7.8 kg,55,40,40,65,45,35,280
#180,Flaaffy,Electric,Unknown,Pink,0.8 m,13.3 kg,70,55,55,80,60,45,365
#181,Ampharos,Electric,Unknown,Yellow,1.4 m,61.5 kg,90,75,75,115,90,55,500
#182,Bellossom,Grass,Unknown,Green,0.4 m,5.8 kg,75,80,85,90,100,50,480
#183,Marill,Water,Fairy,Blue,0.4 m,8.5 kg,70,20,50,20,50,40,250
#184,Azumarill,Water,Fairy,Blue,0.8 m,28.5 kg,100,50,80,50,80,50,410
#185,Sudowoodo,Rock,Unknown,Brown,1.2 m,38.0 kg,70,100,115,30,65,30,410
#186,Politoed,Water,Unknown,Green,1.1 m,33.9 kg,90,75,75,90,100,70,500
#187,Hoppip,Grass,Flying,Pink,0.4 m,0.5 kg,35,35,40,35,55,50,250
#188,Skiploom,Grass,Flying,Green,0.6 m,1.0 kg,55,45,50,45,65,80,340
#189,Jumpluff,Grass,Flying,Blue,0.8 m,3.0 kg,75,55,70,55,85,110,450
#190,Aipom,Normal,Unknown,Purple,0.8 m,11.5 kg,55,70,55,40,55,85,360
#191,Sunkern,Grass,Unknown,Yellow,0.3 m,1.8 kg,30,30,30,30,30,30,180
#192,Sunflora,Grass,Unknown,Yellow,0.8 m,8.5 kg,75,75,55,105,85,30,425
#193,Yanma,Bug,Flying,Red,1.2 m,38.0 kg,65,65,45,75,45,95,390
#194,Wooper,Water,Ground,Blue,0.4 m,8.5 kg,55,45,45,25,25,15,210
#195,Quagsire,Water,Ground,Blue,1.4 m,75.0 kg,95,85,85,65,65,35,430
#196,Espeon,Psychic,Unknown,Purple,0.9 m,26.5 kg,65,65,60,130,95,110,525
#197,Umbreon,Dark,Unknown,Black,1.0 m,27.0 kg,95,65,110,60,130,65,525
#198,Murkrow,Dark,Flying,Black,0.5 m,2.1 kg,60,85,42,85,42,91,405
#199,Slowking,Water,Psychic,Pink,2.0 m,79.5 kg,95,75,80,100,110,30,490
#200,Misdreavus,Ghost,Unknown,,0.7 m,1.0 kg,60,60,60,85,85,85,435
#201,Unown,Psychic,Unknown,,0.5 m,5.0 kg,48,72,48,72,48,48,336
#202,Wobbuffet,Psychic,Unknown,Blue,1.3 m,28.5 kg,190,33,58,33,58,33,405
#203,Girafarig,Normal,Psychic,Yellow,1.5 m,41.5 kg,70,80,65,90,65,85,455
#204,Pineco,Bug,Unknown,Gray,0.6 m,7.2 kg,50,65,90,35,35,15,290
#205,Forretress,Bug,Steel,Purple,1.2 m,125.8 kg,75,90,140,60,60,40,465
#206,Dunsparce,Normal,Unknown,Yellow,1.5 m,14.0 kg,100,70,70,65,65,45,415
#207,Gligar,Ground,Flying,Purple,1.1 m,64.8 kg,65,75,105,35,65,85,430
#208,Steelix,Steel,Ground,Gray,9.2 m,400.0 kg,75,85,200,55,65,30,510
#209,Snubbull,Fairy,Unknown,Pink,0.6 m,7.8 kg,60,80,50,40,40,30,300
#210,Granbull,Fairy,Unknown,Purple,1.4 m,48.7 kg,90,120,75,60,60,45,450
#211,Qwilfish,Water,Poison,Gray,0.5 m,3.9 kg,65,95,75,55,55,85,430
#212,Scizor,Bug,Steel,Red,1.8 m,118.0 kg,70,130,100,55,80,65,500
#213,Shuckle,Bug,Rock,Yellow,0.6 m,20.5 kg,20,10,230,10,230,5,505
#214,Heracross,Bug,Fighting,Blue,1.5 m,54.0 kg,80,125,75,40,95,85,500
#215,Sneasel,Dark,Ice,Black,0.9 m,28.0 kg,55,95,55,35,75,115,430
#216,Teddiursa,Normal,Unknown,Brown,0.6 m,8.8 kg,60,80,50,50,50,40,330
#217,Ursaring,Normal,Unknown,Brown,1.8 m,125.8 kg,90,130,75,75,75,55,500
#218,Slugma,Fire,Unknown,Red,0.7 m,35.0 kg,40,40,40,70,40,20,250
#219,Magcargo,Fire,Rock,Red,0.8 m,55.0 kg,50,50,120,80,80,30,410
#220,Swinub,Ice,Ground,Brown,0.4 m,6.5 kg,50,50,40,30,30,50,250
#221,Piloswine,Ice,Ground,Brown,1.1 m,55.8 kg,100,100,80,60,60,50,450
#222,Corsola,Water,Rock,Pink,0.6 m,5.0 kg,55,55,85,65,85,35,380
#223,Remoraid,Water,Unknown,Gray,0.6 m,12.0 kg,35,65,35,65,35,65,300
#224,Octillery,Water,Unknown,Red,0.9 m,28.5 kg,75,105,75,105,75,45,480
#225,Delibird,Ice,Flying,Red,0.9 m,16.0 kg,45,55,45,65,45,75,330
#226,Mantine,Water,Flying,Purple,2.1 m,220.0 kg,65,40,70,80,140,70,465
#227,Skarmory,Steel,Flying,Gray,1.7 m,50.5 kg,65,80,140,40,70,70,465
#228,Houndour,Dark,Fire,Black,0.6 m,10.8 kg,45,60,30,80,50,65,330
#229,Houndoom,Dark,Fire,Black,1.4 m,35.0 kg,75,90,50,110,80,95,500
#230,Kingdra,Water,Dragon,Blue,1.8 m,152.0 kg,75,95,95,95,95,85,540
#231,Phanpy,Ground,Unknown,Blue,0.5 m,33.5 kg,90,60,60,40,40,40,330
#232,Donphan,Ground,Unknown,Gray,1.1 m,120.0 kg,90,120,120,60,60,50,500
#233,Porygon2,Normal,Unknown,Red,0.6 m,32.5 kg,85,80,90,105,95,60,515
#234,Stantler,Normal,Unknown,Brown,1.4 m,71.2 kg,73,95,62,85,65,85,465
#235,Smeargle,Normal,Unknown,White,1.2 m,58.0 kg,55,20,35,20,45,75,250
#236,Tyrogue,Fighting,Unknown,Purple,0.7 m,21.0 kg,35,35,35,35,35,35,210
#237,Hitmontop,Fighting,Unknown,Brown,1.4 m,48.0 kg,50,95,95,35,110,70,455
#238,Smoochum,Ice,Psychic,Pink,0.4 m,6.0 kg,45,30,15,85,65,65,305
#239,Elekid,Electric,Unknown,Yellow,0.6 m,23.5 kg,45,63,37,65,55,95,360
#240,Magby,Fire,Unknown,Red,0.7 m,21.4 kg,45,75,37,70,55,83,365
#241,Miltank,Normal,Unknown,Pink,1.2 m,75.5 kg,95,80,105,40,70,100,490
#242,Blissey,Normal,Unknown,Pink,1.5 m,46.8 kg,255,10,10,75,135,55,540
#243,Raikou,Electric,Unknown,Yellow,1.9 m,178.0 kg,90,85,75,115,100,115,580
#244,Entei,Fire,Unknown,Brown,2.1 m,198.0 kg,115,115,85,90,75,100,580
#245,Suicune,Water,Unknown,Blue,2.0 m,187.0 kg,100,75,115,90,115,85,580
#246,Larvitar,Rock,Ground,Green,0.6 m,72.0 kg,50,64,50,45,50,41,300
#247,Pupitar,Rock,Ground,,1.2 m,152.0 kg,70,84,70,65,70,51,410
#248,Tyranitar,Rock,Dark,Green,2.0 m,202.0 kg,100,134,110,95,100,61,600
#249,Lugia,Psychic,Flying,White,5.2 m,216.0 kg,106,90,130,90,154,110,680
#250,Ho-Oh,Fire,Flying,Red,3.8 m,199.0 kg,106,130,90,110,154,90,680
#251,Celebi,Psychic,Grass,,0.6 m,5.0 kg,100,100,100,100,100,100,600
#252,Treecko,Grass,Unknown,Green,0.5 m,5.0 kg,40,45,35,65,55,70,310
#253,Grovyle,Grass,Unknown,Green,0.9 m,21.6 kg,50,65,45,85,65,95,405
#254,Sceptile,Grass,Unknown,Green,1.7 m,52.2 kg,70,85,65,105,85,120,530
#255,Torchic,Fire,Unknown,Red,0.4 m,2.5 kg,45,60,40,70,50,45,310
#256,Combusken,Fire,Fighting,Red,0.9 m,19.5 kg,60,85,60,85,60,55,405
#257,Blaziken,Fire,Fighting,Red,1.9 m,52.0 kg,80,120,70,110,70,80,530
#258,Mudkip,Water,Unknown,Blue,0.4 m,7.6 kg,50,70,50,50,50,40,310
#259,Marshtomp,Water,Ground,Blue,0.7 m,28.0 kg,70,85,70,60,70,50,405
#260,Swampert,Water,Ground,Blue,1.5 m,81.9 kg,100,110,90,85,90,60,535
#261,Poochyena,Dark,Unknown,Gray,0.5 m,13.6 kg,35,55,35,30,30,35,220
#262,Mightyena,Dark,Unknown,Gray,1.0 m,37.0 kg,70,90,70,60,60,70,420
#263,Zigzagoon,Normal,Unknown,Brown,0.4 m,17.5 kg,38,30,41,30,41,60,240
#264,Linoone,Normal,Unknown,White,0.5 m,32.5 kg,78,70,61,50,61,100,420
#265,Wurmple,Bug,Unknown,Red,0.3 m,3.6 kg,45,45,35,20,30,20,195
#266,Silcoon,Bug,Unknown,,0.6 m,10.0 kg,50,35,55,25,25,15,205
#267,Beautifly,Bug,Flying,Yellow,1.0 m,28.4 kg,60,70,50,90,50,65,385
#268,Cascoon,Bug,Unknown,,0.7 m,11.5 kg,50,35,55,25,25,15,205
#269,Dustox,Bug,Poison,Green,1.2 m,31.6 kg,60,50,70,50,90,65,385
#270,Lotad,Water,Grass,Green,0.5 m,2.6 kg,40,30,30,40,50,30,220
#271,Lombre,Water,Grass,Green,1.2 m,32.5 kg,60,50,50,60,70,50,340
#272,Ludicolo,Water,Grass,Green,1.5 m,55.0 kg,80,70,70,90,100,70,480
#273,Seedot,Grass,Unknown,Brown,0.5 m,4.0 kg,40,40,50,30,30,30,220
#274,Nuzleaf,Grass,Dark,Brown,1.0 m,28.0 kg,70,70,40,60,40,60,340
#275,Shiftry,Grass,Dark,Brown,1.3 m,59.6 kg,90,100,60,90,60,80,480
#276,Taillow,Normal,Flying,Blue,0.3 m,2.3 kg,40,55,30,30,30,85,270
#277,Swellow,Normal,Flying,Blue,0.7 m,19.8 kg,60,85,60,50,50,125,430
#278,Wingull,Water,Flying,White,0.6 m,9.5 kg,40,30,30,55,30,85,270
#279,Pelipper,Water,Flying,Yellow,1.2 m,28.0 kg,60,50,100,85,70,65,430
#280,Ralts,Psychic,Fairy,White,0.4 m,6.6 kg,28,25,25,45,35,40,198
#281,Kirlia,Psychic,Fairy,White,0.8 m,20.2 kg,38,35,35,65,55,50,278
#282,Gardevoir,Psychic,Fairy,White,1.6 m,48.4 kg,68,65,65,125,115,80,518
#283,Surskit,Bug,Water,Blue,0.5 m,1.7 kg,40,30,32,50,52,65,269
#284,Masquerain,Bug,Flying,Blue,0.8 m,3.6 kg,70,60,62,80,82,60,414
#285,Shroomish,Grass,Unknown,Brown,0.4 m,4.5 kg,60,40,60,40,60,35,295
#286,Breloom,Grass,Fighting,Green,1.2 m,39.2 kg,60,130,80,60,60,70,460
#287,Slakoth,Normal,Unknown,,0.8 m,24.0 kg,60,60,60,35,35,30,280
#288,Vigoroth,Normal,Unknown,,1.4 m,46.5 kg,80,80,80,55,55,90,440
#289,Slaking,Normal,Unknown,,2.0 m,130.5 kg,150,160,100,95,65,100,670
#290,Nincada,Bug,Ground,Gray,0.5 m,5.5 kg,31,45,90,30,30,40,266
#291,Ninjask,Bug,Flying,Yellow,0.8 m,12.0 kg,61,90,45,50,50,160,456
#292,Shedinja,Bug,Ghost,,0.8 m,1.2 kg,1,90,45,30,30,40,236
#293,Whismur,Normal,Unknown,Pink,0.6 m,16.3 kg,64,51,23,51,23,28,240
#294,Loudred,Normal,Unknown,Blue,1.0 m,40.5 kg,84,71,43,71,43,48,360
#295,Exploud,Normal,Unknown,Blue,1.5 m,84.0 kg,104,91,63,91,63,68,480
#296,Makuhita,Fighting,Unknown,Yellow,1.0 m,86.4 kg,72,60,30,20,30,25,237
#297,Hariyama,Fighting,Unknown,Brown,2.3 m,253.8 kg,144,120,60,40,60,50,474
#298,Azurill,Normal,Fairy,Blue,0.2 m,2.0 kg,50,20,40,20,40,20,190
#299,Nosepass,Rock,Unknown,Gray,1.0 m,97.0 kg,30,45,135,45,90,30,375
#300,Skitty,Normal,Unknown,Pink,0.6 m,11.0 kg,50,45,45,35,35,50,260
#301,Delcatty,Normal,Unknown,Purple,1.1 m,32.6 kg,70,65,65,55,55,70,380
#302,Sableye,Dark,Ghost,Purple,0.5 m,11.0 kg,50,75,75,65,65,50,380
#303,Mawile,Steel,Fairy,Black,0.6 m,11.5 kg,50,85,85,55,55,50,380
#304,Aron,Steel,Rock,Gray,0.4 m,60.0 kg,50,70,100,40,40,30,330
#305,Lairon,Steel,Rock,Gray,0.9 m,120.0 kg,60,90,140,50,50,40,430
#306,Aggron,Steel,Rock,Gray,2.1 m,360.0 kg,70,110,180,60,60,50,530
#307,Meditite,Fighting,Psychic,Blue,0.6 m,11.2 kg,30,40,55,40,55,60,280
#308,Medicham,Fighting,Psychic,Red,1.3 m,31.5 kg,60,60,75,60,75,80,410
#309,Electrike,Electric,Unknown,Green,0.6 m,15.2 kg,40,45,40,65,40,65,295
#310,Manectric,Electric,Unknown,Yellow,1.5 m,40.2 kg,70,75,60,105,60,105,475
#311,Plusle,Electric,Unknown,Yellow,0.4 m,4.2 kg,60,50,40,85,75,95,405
#312,Minun,Electric,Unknown,Yellow,0.4 m,4.2 kg,60,40,50,75,85,95,405
#313,Volbeat,Bug,Unknown,Gray,0.7 m,17.7 kg,65,73,55,47,75,85,400
#314,Illumise,Bug,Unknown,Purple,0.6 m,17.7 kg,65,47,55,73,75,85,400
#315,Roselia,Grass,Poison,Green,0.3 m,2.0 kg,50,60,45,100,80,65,400
#316,Gulpin,Poison,Unknown,Green,0.4 m,10.3 kg,70,43,53,43,53,40,302
#317,Swalot,Poison,Unknown,Purple,1.7 m,80.0 kg,100,73,83,73,83,55,467
#318,Carvanha,Water,Dark,Red,0.8 m,20.8 kg,45,90,20,65,20,65,305
#319,Sharpedo,Water,Dark,Blue,1.8 m,88.8 kg,70,120,40,95,40,95,460
#320,Wailmer,Water,Unknown,Blue,2.0 m,130.0 kg,130,70,35,70,35,60,400
#321,Wailord,Water,Unknown,Blue,14.5 m,398.0 kg,170,90,45,90,45,60,500
#322,Numel,Fire,Ground,Yellow,0.7 m,24.0 kg,60,60,40,65,45,35,305
#323,Camerupt,Fire,Ground,Red,1.9 m,220.0 kg,70,100,70,105,75,40,460
#324,Torkoal,Fire,Unknown,Brown,0.5 m,80.4 kg,70,85,140,85,70,20,470
#325,Spoink,Psychic,Unknown,Black,0.7 m,30.6 kg,60,25,35,70,80,60,330
#326,Grumpig,Psychic,Unknown,Purple,0.9 m,71.5 kg,80,45,65,90,110,80,470
#327,Spinda,Normal,Unknown,Brown,1.1 m,5.0 kg,60,60,60,60,60,60,360
#328,Trapinch,Ground,Unknown,Brown,0.7 m,15.0 kg,45,100,45,45,45,10,290
#329,Vibrava,Ground,Dragon,,1.1 m,15.3 kg,50,70,50,50,50,70,340
#330,Flygon,Ground,Dragon,,2.0 m,82.0 kg,80,100,80,80,80,100,520
#331,Cacnea,Grass,Unknown,Green,0.4 m,51.3 kg,50,85,40,85,40,35,335
#332,Cacturne,Grass,Dark,Green,1.3 m,77.4 kg,70,115,60,115,60,55,475
#333,Swablu,Normal,Flying,Blue,0.4 m,1.2 kg,45,40,60,40,75,50,310
#334,Altaria,Dragon,Flying,Blue,1.1 m,20.6 kg,75,70,90,70,105,80,490
#335,Zangoose,Normal,Unknown,White,1.3 m,40.3 kg,73,115,60,60,60,90,458
#336,Seviper,Poison,Unknown,Black,2.7 m,52.5 kg,73,100,60,100,60,65,458
#337,Lunatone,Rock,Psychic,,1.0 m,168.0 kg,70,55,65,95,85,70,440
#338,Solrock,Rock,Psychic,,1.2 m,154.0 kg,70,95,85,55,65,70,440
#339,Barboach,Water,Ground,Gray,0.4 m,1.9 kg,50,48,43,46,41,60,288
#340,Whiscash,Water,Ground,Blue,0.9 m,23.6 kg,110,78,73,76,71,60,468
#341,Corphish,Water,Unknown,Red,0.6 m,11.5 kg,43,80,65,50,35,35,308
#342,Crawdaunt,Water,Dark,Red,1.1 m,32.8 kg,63,120,85,90,55,55,468
#343,Baltoy,Ground,Psychic,,0.5 m,21.5 kg,40,40,55,40,70,55,300
#344,Claydol,Ground,Psychic,,1.5 m,108.0 kg,60,70,105,70,120,75,500
#345,Lileep,Rock,Grass,Purple,1.0 m,23.8 kg,66,41,77,61,87,23,355
#346,Cradily,Rock,Grass,Green,1.5 m,60.4 kg,86,81,97,81,107,43,495
#347,Anorith,Rock,Bug,Gray,0.7 m,12.5 kg,45,95,50,40,50,75,355
#348,Armaldo,Rock,Bug,Gray,1.5 m,68.2 kg,75,125,100,70,80,45,495
#349,Feebas,Water,Unknown,Brown,0.6 m,7.4 kg,20,15,20,10,55,80,200
#350,Milotic,Water,Unknown,Pink,6.2 m,162.0 kg,95,60,79,100,125,81,540
#351,Castform,Normal,Unknown,Gray,0.3 m,0.8 kg,70,70,70,70,70,70,420
#352,Kecleon,Normal,Unknown,Green,1.0 m,22.0 kg,60,90,70,60,120,40,440
#353,Shuppet,Ghost,Unknown,Black,0.6 m,2.3 kg,44,75,35,63,33,45,295
#354,Banette,Ghost,Unknown,Black,1.1 m,12.5 kg,64,115,65,83,63,65,455
#355,Duskull,Ghost,Unknown,Black,0.8 m,15.0 kg,20,40,90,30,90,25,295
#356,Dusclops,Ghost,Unknown,Black,1.6 m,30.6 kg,40,70,130,60,130,25,455
#357,Tropius,Grass,Flying,Green,2.0 m,100.0 kg,99,68,83,72,87,51,460
#358,Chimecho,Psychic,Unknown,,0.6 m,1.0 kg,65,50,70,95,80,65,425
#359,Absol,Dark,Unknown,White,1.2 m,47.0 kg,65,130,60,75,60,75,465
#360,Wynaut,Psychic,Unknown,Blue,0.6 m,14.0 kg,95,23,48,23,48,23,260
#361,Snorunt,Ice,Unknown,Gray,0.7 m,16.8 kg,50,50,50,50,50,50,300
#362,Glalie,Ice,Unknown,Gray,1.5 m,256.5 kg,80,80,80,80,80,80,480
#363,Spheal,Ice,Water,Blue,0.8 m,39.5 kg,70,40,50,55,50,25,290
#364,Sealeo,Ice,Water,Blue,1.1 m,87.6 kg,90,60,70,75,70,45,410
#365,Walrein,Ice,Water,Blue,1.4 m,150.6 kg,110,80,90,95,90,65,530
#366,Clamperl,Water,Unknown,Blue,0.4 m,52.5 kg,35,64,85,74,55,32,345
#367,Huntail,Water,Unknown,Blue,1.7 m,27.0 kg,55,104,105,94,75,52,485
#368,Gorebyss,Water,Unknown,Pink,1.8 m,22.6 kg,55,84,105,114,75,52,485
#369,Relicanth,Water,Rock,Gray,1.0 m,23.4 kg,100,90,130,45,65,55,485
#370,Luvdisc,Water,Unknown,Pink,0.6 m,8.7 kg,43,30,55,40,65,97,330
#371,Bagon,Dragon,Unknown,Blue,0.6 m,42.1 kg,45,75,60,40,30,50,300
#372,Shelgon,Dragon,Unknown,White,1.1 m,110.5 kg,65,95,100,60,50,50,420
#373,Salamence,Dragon,Flying,Blue,1.5 m,102.6 kg,95,135,80,110,80,100,600
#374,Beldum,Steel,Psychic,Blue,0.6 m,95.2 kg,40,55,80,35,60,30,300
#375,Metang,Steel,Psychic,Blue,1.2 m,202.5 kg,60,75,100,55,80,50,420
#376,Metagross,Steel,Psychic,Blue,1.6 m,550.0 kg,80,135,130,95,90,70,600
#377,Regirock,Rock,Unknown,Brown,1.7 m,230.0 kg,80,100,200,50,100,50,580
#378,Regice,Ice,Unknown,Blue,1.8 m,175.0 kg,80,50,100,100,200,50,580
#379,Registeel,Steel,Unknown,Gray,1.9 m,205.0 kg,80,75,150,75,150,50,580
#380,Latias,Dragon,Psychic,,1.4 m,40.0 kg,80,80,90,110,130,110,600
#381,Latios,Dragon,Psychic,,2.0 m,60.0 kg,80,90,80,130,110,110,600
#382,Kyogre,Water,Unknown,Blue,4.5 m,352.0 kg,100,100,90,150,140,90,670
#383,Groudon,Ground,Unknown,Red,3.5 m,950.0 kg,100,150,140,100,90,90,670
#384,Rayquaza,Dragon,Flying,Green,7.0 m,206.5 kg,105,150,90,150,90,95,680
#385,Jirachi,Steel,Psychic,,0.3 m,1.1 kg,100,100,100,100,100,100,600
#386,Deoxys,Psychic,Unknown,,1.7 m,60.8 kg,50,150,50,150,50,150,600
#387,Turtwig,Grass,Unknown,Green,0.4 m,10.2 kg,55,68,64,45,55,31,318
#388,Grotle,Grass,Unknown,Green,1.1 m,97.0 kg,75,89,85,55,65,36,405
#389,Torterra,Grass,Ground,Green,2.2 m,310.0 kg,95,109,105,75,85,56,525
#390,Chimchar,Fire,Unknown,Brown,0.5 m,6.2 kg,44,58,44,58,44,61,309
#391,Monferno,Fire,Fighting,Brown,0.9 m,22.0 kg,64,78,52,78,52,81,405
#392,Infernape,Fire,Fighting,Brown,1.2 m,55.0 kg,76,104,71,104,71,108,534
#393,Piplup,Water,Unknown,Blue,0.4 m,5.2 kg,53,51,53,61,56,40,314
#394,Prinplup,Water,Unknown,Blue,0.8 m,23.0 kg,64,66,68,81,76,50,405
#395,Empoleon,Water,Steel,Blue,1.7 m,84.5 kg,84,86,88,111,101,60,530
#396,Starly,Normal,Flying,Brown,0.3 m,2.0 kg,40,55,30,30,30,60,245
#397,Staravia,Normal,Flying,Brown,0.6 m,15.5 kg,55,75,50,40,40,80,340
#398,Staraptor,Normal,Flying,Brown,1.2 m,24.9 kg,85,120,70,50,50,100,475
#399,Bidoof,Normal,Unknown,Brown,0.5 m,20.0 kg,59,45,40,35,40,31,250
#400,Bibarel,Normal,Water,Brown,1.0 m,31.5 kg,79,85,60,55,60,71,410
#401,Kricketot,Bug,Unknown,Red,0.3 m,2.2 kg,37,25,41,25,41,25,194
#402,Kricketune,Bug,Unknown,Red,1.0 m,25.5 kg,77,85,51,55,51,65,384
#403,Shinx,Electric,Unknown,Blue,0.5 m,9.5 kg,45,65,34,40,34,45,263
#404,Luxio,Electric,Unknown,Blue,0.9 m,30.5 kg,60,85,49,60,49,60,363
#405,Luxray,Electric,Unknown,Blue,1.4 m,42.0 kg,80,120,79,95,79,70,523
#406,Budew,Grass,Poison,Green,0.2 m,1.2 kg,40,30,35,50,70,55,280
#407,Roserade,Grass,Poison,Green,0.9 m,14.5 kg,60,70,55,125,105,90,505
#408,Cranidos,Rock,Unknown,Blue,0.9 m,31.5 kg,67,125,40,30,30,58,350
#409,Rampardos,Rock,Unknown,Blue,1.6 m,102.5 kg,97,165,60,65,50,58,495
#410,Shieldon,Rock,Steel,Gray,0.5 m,57.0 kg,30,42,118,42,88,30,350
#411,Bastiodon,Rock,Steel,Gray,1.3 m,149.5 kg,60,52,168,47,138,30,495
#412,Burmy,Bug,Unknown,Green,0.2 m,3.4 kg,40,29,45,29,45,36,224
#413,Wormadam,Bug,Grass,Green,0.5 m,6.5 kg,60,59,85,79,105,36,424
#414,Mothim,Bug,Flying,Yellow,0.9 m,23.3 kg,70,94,50,94,50,66,424
#415,Combee,Bug,Flying,Yellow,0.3 m,5.5 kg,30,30,42,30,42,70,244
#416,Vespiquen,Bug,Flying,Yellow,1.2 m,38.5 kg,70,80,102,80,102,40,474
#417,Pachirisu,Electric,Unknown,White,0.4 m,3.9 kg,60,45,70,45,90,95,405
#418,Buizel,Water,Unknown,Brown,0.7 m,29.5 kg,55,65,35,60,30,85,330
#419,Floatzel,Water,Unknown,Brown,1.1 m,33.5 kg,85,105,55,85,50,115,495
#420,Cherubi,Grass,Unknown,,0.4 m,3.3 kg,45,35,45,62,53,35,275
#421,Cherrim,Grass,Unknown,,0.5 m,9.3 kg,70,60,70,87,78,85,450
#422,Shellos,Water,Unknown,Purple,0.3 m,6.3 kg,76,48,48,57,62,34,325
#423,Gastrodon,Water,Ground,Purple,0.9 m,29.9 kg,111,83,68,92,82,39,475
#424,Ambipom,Normal,Unknown,Purple,1.2 m,20.3 kg,75,100,66,60,66,115,482
#425,Drifloon,Ghost,Flying,Purple,0.4 m,1.2 kg,90,50,34,60,44,70,348
#426,Drifblim,Ghost,Flying,Purple,1.2 m,15.0 kg,150,80,44,90,54,80,498
#427,Buneary,Normal,Unknown,Brown,0.4 m,5.5 kg,55,66,44,44,56,85,350
#428,Lopunny,Normal,Unknown,Brown,1.2 m,33.3 kg,65,76,84,54,96,105,480
#429,Mismagius,Ghost,Unknown,,0.9 m,4.4 kg,60,60,60,105,105,105,495
#430,Honchkrow,Dark,Flying,Black,0.9 m,27.3 kg,100,125,52,105,52,71,505
#431,Glameow,Normal,Unknown,Gray,0.5 m,3.9 kg,49,55,42,42,37,85,310
#432,Purugly,Normal,Unknown,Gray,1.0 m,43.8 kg,71,82,64,64,59,112,452
#433,Chingling,Psychic,Unknown,,0.2 m,0.6 kg,45,30,50,65,50,45,285
#434,Stunky,Poison,Dark,Purple,0.4 m,19.2 kg,63,63,47,41,41,74,329
#435,Skuntank,Poison,Dark,Purple,1.0 m,38.0 kg,103,93,67,71,61,84,479
#436,Bronzor,Steel,Psychic,Green,0.5 m,60.5 kg,57,24,86,24,86,23,300
#437,Bronzong,Steel,Psychic,Green,1.3 m,187.0 kg,67,89,116,79,116,33,500
#438,Bonsly,Rock,Unknown,Brown,0.5 m,15.0 kg,50,80,95,10,45,10,290
#439,Mime Jr.,Psychic,Fairy,Pink,0.6 m,13.0 kg,20,25,45,70,90,60,310
#440,Happiny,Normal,Unknown,Pink,0.6 m,24.4 kg,100,5,5,15,65,30,220
#441,Chatot,Normal,Flying,Black,0.5 m,1.9 kg,76,65,45,92,42,91,411
#442,Spiritomb,Ghost,Dark,Purple,1.0 m,108.0 kg,50,92,108,92,108,35,485
#443,Gible,Dragon,Ground,Blue,0.7 m,20.5 kg,58,70,45,40,45,42,300
#444,Gabite,Dragon,Ground,Blue,1.4 m,56.0 kg,68,90,65,50,55,82,410
#445,Garchomp,Dragon,Ground,Blue,1.9 m,95.0 kg,108,130,95,80,85,102,600
#446,Munchlax,Normal,Unknown,Black,0.6 m,105.0 kg,135,85,40,40,85,5,390
#447,Riolu,Fighting,Unknown,Blue,0.7 m,20.2 kg,40,70,40,35,40,60,285
#448,Lucario,Fighting,Steel,Blue,1.2 m,54.0 kg,70,110,70,115,70,90,525
#449,Hippopotas,Ground,Unknown,Brown,0.8 m,49.5 kg,68,72,78,38,42,32,330
#450,Hippowdon,Ground,Unknown,Brown,2.0 m,300.0 kg,108,112,118,68,72,47,525
#451,Skorupi,Poison,Bug,Purple,0.8 m,12.0 kg,40,50,90,30,55,65,330
#452,Drapion,Poison,Dark,Purple,1.3 m,61.5 kg,70,90,110,60,75,95,500
#453,Croagunk,Poison,Fighting,Blue,0.7 m,23.0 kg,48,61,40,61,40,50,300
#454,Toxicroak,Poison,Fighting,Blue,1.3 m,44.4 kg,83,106,65,86,65,85,490
#455,Carnivine,Grass,Unknown,,1.4 m,27.0 kg,74,100,72,90,72,46,454
#456,Finneon,Water,Unknown,Blue,0.4 m,7.0 kg,49,49,56,49,61,66,330
#457,Lumineon,Water,Unknown,Blue,1.2 m,24.0 kg,69,69,76,69,86,91,460
#458,Mantyke,Water,Flying,Blue,1.0 m,65.0 kg,45,20,50,60,120,50,345
#459,Snover,Grass,Ice,White,1.0 m,50.5 kg,60,62,50,62,60,40,334
#460,Abomasnow,Grass,Ice,White,2.2 m,135.5 kg,90,92,75,92,85,60,494
#461,Weavile,Dark,Ice,Black,1.1 m,34.0 kg,70,120,65,45,85,125,510
#462,Magnezone,Electric,Steel,Gray,1.2 m,180.0 kg,70,70,115,130,90,60,535
#463,Lickilicky,Normal,Unknown,Pink,1.7 m,140.0 kg,110,85,95,80,95,50,515
#464,Rhyperior,Ground,Rock,Gray,2.4 m,282.8 kg,115,140,130,55,55,40,535
#465,Tangrowth,Grass,Unknown,Blue,2.0 m,128.6 kg,100,100,125,110,50,50,535
#466,Electivire,Electric,Unknown,Yellow,1.8 m,138.6 kg,75,123,67,95,85,95,540
#467,Magmortar,Fire,Unknown,Red,1.6 m,68.0 kg,75,95,67,125,95,83,540
#468,Togekiss,Fairy,Flying,White,1.5 m,38.0 kg,85,50,95,120,115,80,545
#469,Yanmega,Bug,Flying,Green,1.9 m,51.5 kg,86,76,86,116,56,95,515
#470,Leafeon,Grass,Unknown,Green,1.0 m,25.5 kg,65,110,130,60,65,95,525
#471,Glaceon,Ice,Unknown,Blue,0.8 m,25.9 kg,65,60,110,130,95,65,525
#472,Gliscor,Ground,Flying,Purple,2.0 m,42.5 kg,75,95,125,45,75,95,510
#473,Mamoswine,Ice,Ground,Brown,2.5 m,291.0 kg,110,130,80,70,60,80,530
#474,Porygon-Z,Normal,Unknown,Red,0.9 m,34.0 kg,85,80,70,135,75,90,535
#475,Gallade,Psychic,Fighting,White,1.6 m,52.0 kg,68,125,65,65,115,80,518
#476,Probopass,Rock,Steel,Gray,1.4 m,340.0 kg,60,55,145,75,150,40,525
#477,Dusknoir,Ghost,Unknown,Black,2.2 m,106.6 kg,45,100,135,65,135,45,525
#478,Froslass,Ice,Ghost,White,1.3 m,26.6 kg,70,80,70,80,70,110,480
#479,Rotom,Electric,Ghost,Red,0.3 m,0.3 kg,50,50,77,95,77,91,440
#480,Uxie,Psychic,Unknown,,0.3 m,0.3 kg,75,75,130,75,130,95,580
#481,Mesprit,Psychic,Unknown,,0.3 m,0.3 kg,80,105,105,105,105,80,580
#482,Azelf,Psychic,Unknown,,0.3 m,0.3 kg,75,125,70,125,70,115,580
#483,Dialga,Steel,Dragon,White,5.4 m,683.0 kg,100,120,120,150,100,90,680
#484,Palkia,Water,Dragon,Purple,4.2 m,336.0 kg,90,120,100,150,120,100,680
#485,Heatran,Fire,Steel,Brown,1.7 m,430.0 kg,91,90,106,130,106,77,600
#486,Regigigas,Normal,Unknown,,3.7 m,420.0 kg,110,160,110,80,110,100,670
#487,Giratina,Ghost,Dragon,Black,4.5 m,750.0 kg,150,100,120,100,120,90,680
#488,Cresselia,Psychic,Unknown,,1.5 m,85.6 kg,120,70,120,75,130,85,600
#489,Phione,Water,Unknown,,0.4 m,3.1 kg,80,80,80,80,80,80,480
#490,Manaphy,Water,Unknown,,0.3 m,1.4 kg,100,100,100,100,100,100,600
#491,Darkrai,Dark,Unknown,,1.5 m,50.5 kg,70,90,90,135,90,125,600
#492,Shaymin,Grass,Unknown,Green,0.2 m,2.1 kg,100,100,100,100,100,100,600
#493,Arceus,Normal,Unknown,,3.2 m,320.0 kg,120,120,120,120,120,120,720
#494,Victini,Psychic,Fire,,0.4 m,4.0 kg,100,100,100,100,100,100,600
#495,Snivy,Grass,Unknown,Green,0.6 m,8.1 kg,45,45,55,45,55,63,308
#496,Servine,Grass,Unknown,Green,0.8 m,16.0 kg,60,60,75,60,75,83,413
#497,Serperior,Grass,Unknown,Green,3.3 m,63.0 kg,75,75,95,75,95,113,528
#498,Tepig,Fire,Unknown,Red,0.5 m,9.9 kg,65,63,45,45,45,45,308
#499,Pignite,Fire,Fighting,Red,1.0 m,55.5 kg,90,93,55,70,55,55,418
#500,Emboar,Fire,Fighting,Red,1.6 m,150.0 kg,110,123,65,100,65,65,528
#501,Oshawott,Water,Unknown,Blue,0.5 m,5.9 kg,55,55,45,63,45,45,308
#502,Dewott,Water,Unknown,Blue,0.8 m,24.5 kg,75,75,60,83,60,60,413
#503,Samurott,Water,Unknown,Blue,1.5 m,94.6 kg,95,100,85,108,70,70,528
#504,Patrat,Normal,Unknown,Brown,0.5 m,11.6 kg,45,55,39,35,39,42,255
#505,Watchog,Normal,Unknown,Brown,1.1 m,27.0 kg,60,85,69,60,69,77,420
#506,Lillipup,Normal,Unknown,Brown,0.4 m,4.1 kg,45,60,45,25,45,55,275
#507,Herdier,Normal,Unknown,Gray,0.9 m,14.7 kg,65,80,65,35,65,60,370
#508,Stoutland,Normal,Unknown,Gray,1.2 m,61.0 kg,85,100,90,45,90,80,490
#509,Purrloin,Dark,Unknown,Purple,0.4 m,10.1 kg,41,50,37,50,37,66,281
#510,Liepard,Dark,Unknown,Purple,1.1 m,37.5 kg,64,88,50,88,50,106,446
#511,Pansage,Grass,Unknown,Green,0.6 m,10.5 kg,50,53,48,53,48,64,316
#512,Simisage,Grass,Unknown,Green,1.1 m,30.5 kg,75,98,63,98,63,101,498
#513,Pansear,Fire,Unknown,Red,0.6 m,11.0 kg,50,53,48,53,48,64,316
#514,Simisear,Fire,Unknown,Red,1.0 m,28.0 kg,75,98,63,98,63,101,498
#515,Panpour,Water,Unknown,Blue,0.6 m,13.5 kg,50,53,48,53,48,64,316
#516,Simipour,Water,Unknown,Blue,1.0 m,29.0 kg,75,98,63,98,63,101,498
#517,Munna,Psychic,Unknown,Pink,0.6 m,23.3 kg,76,25,45,67,55,24,292
#518,Musharna,Psychic,Unknown,Pink,1.1 m,60.5 kg,116,55,85,107,95,29,487
#519,Pidove,Normal,Flying,Gray,0.3 m,2.1 kg,50,55,50,36,30,43,264
#520,Tranquill,Normal,Flying,Gray,0.6 m,15.0 kg,62,77,62,50,42,65,358
#521,Unfezant,Normal,Flying,Gray,1.2 m,29.0 kg,80,105,80,65,55,93,478
#522,Blitzle,Electric,Unknown,Black,0.8 m,29.8 kg,45,60,32,50,32,76,295
#523,Zebstrika,Electric,Unknown,Black,1.6 m,79.5 kg,75,100,63,80,63,116,497
#524,Roggenrola,Rock,Unknown,Blue,0.4 m,18.0 kg,55,75,85,25,25,15,280
#525,Boldore,Rock,Unknown,Blue,0.9 m,102.0 kg,70,105,105,50,40,20,390
#526,Gigalith,Rock,Unknown,Blue,1.7 m,260.0 kg,85,135,130,60,70,25,505
#527,Woobat,Psychic,Flying,Blue,0.4 m,2.1 kg,55,45,43,55,43,72,313
#528,Swoobat,Psychic,Flying,Blue,0.9 m,10.5 kg,67,57,55,77,55,114,425
#529,Drilbur,Ground,Unknown,Gray,0.3 m,8.5 kg,60,85,40,30,45,68,328
#530,Excadrill,Ground,Steel,Gray,0.7 m,40.4 kg,110,135,60,50,65,88,508
#531,Audino,Normal,Unknown,Pink,1.1 m,31.0 kg,103,60,86,60,86,50,445
#532,Timburr,Fighting,Unknown,Gray,0.6 m,12.5 kg,75,80,55,25,35,35,305
#533,Gurdurr,Fighting,Unknown,Gray,1.2 m,40.0 kg,85,105,85,40,50,40,405
#534,Conkeldurr,Fighting,Unknown,Brown,1.4 m,87.0 kg,105,140,95,55,65,45,505
#535,Tympole,Water,Unknown,Blue,0.5 m,4.5 kg,50,50,40,50,40,64,294
#536,Palpitoad,Water,Ground,Blue,0.8 m,17.0 kg,75,65,55,65,55,69,384
#537,Seismitoad,Water,Ground,Blue,1.5 m,62.0 kg,105,85,75,85,75,74,499
#538,Throh,Fighting,Unknown,Red,1.3 m,55.5 kg,120,100,85,30,85,45,465
#539,Sawk,Fighting,Unknown,Blue,1.4 m,51.0 kg,75,125,75,30,75,85,465
#540,Sewaddle,Bug,Grass,Yellow,0.3 m,2.5 kg,45,53,70,40,60,42,310
#541,Swadloon,Bug,Grass,Green,0.5 m,7.3 kg,55,63,90,50,80,42,380
#542,Leavanny,Bug,Grass,Yellow,1.2 m,20.5 kg,75,103,80,70,70,92,490
#543,Venipede,Bug,Poison,Red,0.4 m,5.3 kg,30,45,59,30,39,57,260
#544,Whirlipede,Bug,Poison,Gray,1.2 m,58.5 kg,40,55,99,40,79,47,360
#545,Scolipede,Bug,Poison,Red,2.5 m,200.5 kg,60,90,89,55,69,112,475
#546,Cottonee,Grass,Fairy,Green,0.3 m,0.6 kg,40,27,60,37,50,66,280
#547,Whimsicott,Grass,Fairy,Green,0.7 m,6.6 kg,60,67,85,77,75,116,480
#548,Petilil,Grass,Unknown,Green,0.5 m,6.6 kg,45,35,50,70,50,30,280
#549,Lilligant,Grass,Unknown,Green,1.1 m,16.3 kg,70,60,75,110,75,90,480
#550,Basculin,Water,Unknown,Green,1.0 m,18.0 kg,70,92,65,80,55,98,460
#551,Sandile,Ground,Dark,Brown,0.7 m,15.2 kg,50,72,35,35,35,65,292
#552,Krokorok,Ground,Dark,Brown,1.0 m,33.4 kg,60,82,45,45,45,74,351
#553,Krookodile,Ground,Dark,Red,1.5 m,96.3 kg,95,117,70,65,70,92,509
#554,Darumaka,Fire,Unknown,Red,0.6 m,37.5 kg,70,90,45,15,45,50,315
#555,Darmanitan,Fire,Unknown,Red,1.3 m,92.9 kg,105,140,55,30,55,95,480
#556,Maractus,Grass,Unknown,Green,1.0 m,28.0 kg,75,86,67,106,67,60,461
#557,Dwebble,Bug,Rock,Red,0.3 m,14.5 kg,50,65,85,35,35,55,325
#558,Crustle,Bug,Rock,Red,1.4 m,200.0 kg,70,95,125,65,75,45,475
#559,Scraggy,Dark,Fighting,Yellow,0.6 m,11.8 kg,50,75,70,35,70,48,348
#560,Scrafty,Dark,Fighting,Red,1.1 m,30.0 kg,65,90,115,45,115,58,488
#561,Sigilyph,Psychic,Flying,Black,1.4 m,14.0 kg,72,58,80,103,80,97,490
#562,Yamask,Ghost,Unknown,Black,0.5 m,1.5 kg,38,30,85,55,65,30,303
#563,Cofagrigus,Ghost,Unknown,,1.7 m,76.5 kg,58,50,145,95,105,30,483
#564,Tirtouga,Water,Rock,Blue,0.7 m,16.5 kg,54,78,103,53,45,22,355
#565,Carracosta,Water,Rock,Blue,1.2 m,81.0 kg,74,108,133,83,65,32,495
#566,Archen,Rock,Flying,,0.5 m,9.5 kg,55,112,45,74,45,70,401
#567,Archeops,Rock,Flying,,1.4 m,32.0 kg,75,140,65,112,65,110,567
#568,Trubbish,Poison,Unknown,Green,0.6 m,31.0 kg,50,50,62,40,62,65,329
#569,Garbodor,Poison,Unknown,Green,1.9 m,107.3 kg,80,95,82,60,82,75,474
#570,Zorua,Dark,Unknown,Gray,0.7 m,12.5 kg,40,65,40,80,40,65,330
#571,Zoroark,Dark,Unknown,Gray,1.6 m,81.1 kg,60,105,60,120,60,105,510
#572,Minccino,Normal,Unknown,Gray,0.4 m,5.8 kg,55,50,40,40,40,75,300
#573,Cinccino,Normal,Unknown,Gray,0.5 m,7.5 kg,75,95,60,65,60,115,470
#574,Gothita,Psychic,Unknown,Purple,0.4 m,5.8 kg,45,30,50,55,65,45,290
#575,Gothorita,Psychic,Unknown,Purple,0.7 m,18.0 kg,60,45,70,75,85,55,390
#576,Gothitelle,Psychic,Unknown,Purple,1.5 m,44.0 kg,70,55,95,95,110,65,490
#577,Solosis,Psychic,Unknown,Green,0.3 m,1.0 kg,45,30,40,105,50,20,290
#578,Duosion,Psychic,Unknown,Green,0.6 m,8.0 kg,65,40,50,125,60,30,370
#579,Reuniclus,Psychic,Unknown,Green,1.0 m,20.1 kg,110,65,75,125,85,30,490
#580,Ducklett,Water,Flying,Blue,0.5 m,5.5 kg,62,44,50,44,50,55,305
#581,Swanna,Water,Flying,White,1.3 m,24.2 kg,75,87,63,87,63,98,473
#582,Vanillite,Ice,Unknown,White,0.4 m,5.7 kg,36,50,50,65,60,44,305
#583,Vanillish,Ice,Unknown,White,1.1 m,41.0 kg,51,65,65,80,75,59,395
#584,Vanilluxe,Ice,Unknown,White,1.3 m,57.5 kg,71,95,85,110,95,79,535
#585,Deerling,Normal,Grass,Pink,0.6 m,19.5 kg,60,60,50,40,50,75,335
#586,Sawsbuck,Normal,Grass,Brown,1.9 m,92.5 kg,80,100,70,60,70,95,475
#587,Emolga,Electric,Flying,White,0.4 m,5.0 kg,55,75,60,75,60,103,428
#588,Karrablast,Bug,Unknown,Blue,0.5 m,5.9 kg,50,75,45,40,45,60,315
#589,Escavalier,Bug,Steel,Gray,1.0 m,33.0 kg,70,135,105,60,105,20,495
#590,Foongus,Grass,Poison,White,0.2 m,1.0 kg,69,55,45,55,55,15,294
#591,Amoonguss,Grass,Poison,White,0.6 m,10.5 kg,114,85,70,85,80,30,464
#592,Frillish,Water,Ghost,White,1.2 m,33.0 kg,55,40,50,65,85,40,335
#593,Jellicent,Water,Ghost,White,2.2 m,135.0 kg,100,60,70,85,105,60,480
#594,Alomomola,Water,Unknown,Pink,1.2 m,31.6 kg,165,75,80,40,45,65,470
#595,Joltik,Bug,Electric,Yellow,0.1 m,0.6 kg,50,47,50,57,50,65,319
#596,Galvantula,Bug,Electric,Yellow,0.8 m,14.3 kg,70,77,60,97,60,108,472
#597,Ferroseed,Grass,Steel,,0.6 m,18.8 kg,44,50,91,24,86,10,305
#598,Ferrothorn,Grass,Steel,Gray,1.0 m,110.0 kg,74,94,131,54,116,20,489
#599,Klink,Steel,Unknown,Gray,0.3 m,21.0 kg,40,55,70,45,60,30,300
#600,Klang,Steel,Unknown,Gray,0.6 m,51.0 kg,60,80,95,70,85,50,440
#601,Klinklang,Steel,Unknown,Gray,0.6 m,81.0 kg,60,100,115,70,85,90,520
#602,Tynamo,Electric,Unknown,,0.2 m,0.3 kg,35,55,40,45,40,60,275
#603,Eelektrik,Electric,Unknown,,1.2 m,22.0 kg,65,85,70,75,70,40,405
#604,Eelektross,Electric,Unknown,,2.1 m,80.5 kg,85,115,80,105,80,50,515
#605,Elgyem,Psychic,Unknown,Blue,0.5 m,9.0 kg,55,55,55,85,55,30,335
#606,Beheeyem,Psychic,Unknown,Brown,1.0 m,34.5 kg,75,75,75,125,95,40,485
#607,Litwick,Ghost,Fire,White,0.3 m,3.1 kg,50,30,55,65,55,20,275
#608,Lampent,Ghost,Fire,Black,0.6 m,13.0 kg,60,40,60,95,60,55,370
#609,Chandelure,Ghost,Fire,Black,1.0 m,34.3 kg,60,55,90,145,90,80,520
#610,Axew,Dragon,Unknown,Green,0.6 m,18.0 kg,46,87,60,30,40,57,320
#611,Fraxure,Dragon,Unknown,Green,1.0 m,36.0 kg,66,117,70,40,50,67,410
#612,Haxorus,Dragon,Unknown,Yellow,1.8 m,105.5 kg,76,147,90,60,70,97,540
#613,Cubchoo,Ice,Unknown,White,0.5 m,8.5 kg,55,70,40,60,40,40,305
#614,Beartic,Ice,Unknown,White,2.6 m,260.0 kg,95,110,80,70,80,50,485
#615,Cryogonal,Ice,Unknown,,1.1 m,148.0 kg,70,50,30,95,135,105,485
#616,Shelmet,Bug,Unknown,Red,0.4 m,7.7 kg,50,40,85,40,65,25,305
#617,Accelgor,Bug,Unknown,Red,0.8 m,25.3 kg,80,70,40,100,60,145,495
#618,Stunfisk,Ground,Electric,Brown,0.7 m,11.0 kg,109,66,84,81,99,32,471
#619,Mienfoo,Fighting,Unknown,Yellow,0.9 m,20.0 kg,45,85,50,55,50,65,350
#620,Mienshao,Fighting,Unknown,Purple,1.4 m,35.5 kg,65,125,60,95,60,105,510
#621,Druddigon,Dragon,Unknown,Red,1.6 m,139.0 kg,77,120,90,60,90,48,485
#622,Golett,Ground,Ghost,Green,1.0 m,92.0 kg,59,74,50,35,50,35,303
#623,Golurk,Ground,Ghost,Green,2.8 m,330.0 kg,89,124,80,55,80,55,483
#624,Pawniard,Dark,Steel,Red,0.5 m,10.2 kg,45,85,70,40,40,60,340
#625,Bisharp,Dark,Steel,Red,1.6 m,70.0 kg,65,125,100,60,70,70,490
#626,Bouffalant,Normal,Unknown,Brown,1.6 m,94.6 kg,95,110,95,40,95,55,490
#627,Rufflet,Normal,Flying,White,0.5 m,10.5 kg,70,83,50,37,50,60,350
#628,Braviary,Normal,Flying,Red,1.5 m,41.0 kg,100,123,75,57,75,80,510
#629,Vullaby,Dark,Flying,Brown,0.5 m,9.0 kg,70,55,75,45,65,60,370
#630,Mandibuzz,Dark,Flying,Brown,1.2 m,39.5 kg,110,65,105,55,95,80,510
#631,Heatmor,Fire,Unknown,Red,1.4 m,58.0 kg,85,97,66,105,66,65,484
#632,Durant,Bug,Steel,Gray,0.3 m,33.0 kg,58,109,112,48,48,109,484
#633,Deino,Dark,Dragon,,0.8 m,17.3 kg,52,65,50,45,50,38,300
#634,Zweilous,Dark,Dragon,,1.4 m,50.0 kg,72,85,70,65,70,58,420
#635,Hydreigon,Dark,Dragon,,1.8 m,160.0 kg,92,105,90,125,90,98,600
#636,Larvesta,Bug,Fire,White,1.1 m,28.8 kg,55,85,55,50,55,60,360
#637,Volcarona,Bug,Fire,White,1.6 m,46.0 kg,85,60,65,135,105,100,550
#638,Cobalion,Steel,Fighting,,2.1 m,250.0 kg,91,90,129,90,72,108,580
#639,Terrakion,Rock,Fighting,,1.9 m,260.0 kg,91,129,90,72,90,108,580
#640,Virizion,Grass,Fighting,,2.0 m,200.0 kg,91,90,72,90,129,108,580
#641,Tornadus,Flying,Unknown,Green,1.5 m,63.0 kg,79,115,70,125,80,111,580
#642,Thundurus,Electric,Flying,Blue,1.5 m,61.0 kg,79,115,70,125,80,111,580
#643,Reshiram,Dragon,Fire,,3.2 m,330.0 kg,100,120,100,150,120,90,680
#644,Zekrom,Dragon,Electric,,2.9 m,345.0 kg,100,150,120,120,100,90,680
#645,Landorus,Ground,Flying,Brown,1.5 m,68.0 kg,89,125,90,115,80,101,600
#646,Kyurem,Dragon,Ice,Gray,3.0 m,325.0 kg,125,130,90,130,90,95,660
#647,Keldeo,Water,Fighting,,1.4 m,48.5 kg,91,72,90,129,90,108,580
#648,Meloetta,Normal,Psychic,White,0.6 m,6.5 kg,100,77,77,128,128,90,600
#649,Genesect,Bug,Steel,,1.5 m,82.5 kg,71,120,95,120,95,99,600
#650,Chespin,Grass,Unknown,Green,0.4 m,9.0 kg,56,61,65,48,45,38,313
#651,Quilladin,Grass,Unknown,Green,0.7 m,29.0 kg,61,78,95,56,58,57,405
#652,Chesnaught,Grass,Fighting,Green,1.6 m,90.0 kg,88,107,122,74,75,64,530
#653,Fennekin,Fire,Unknown,Red,0.4 m,9.4 kg,40,45,40,62,60,60,307
#654,Braixen,Fire,Unknown,Red,1.0 m,14.5 kg,59,59,58,90,70,73,409
#655,Delphox,Fire,Psychic,Red,1.5 m,39.0 kg,75,69,72,114,100,104,534
#656,Froakie,Water,Unknown,Blue,0.3 m,7.0 kg,41,56,40,62,44,71,314
#657,Frogadier,Water,Unknown,Blue,0.6 m,10.9 kg,54,63,52,83,56,97,405
#658,Greninja,Water,Dark,Blue,1.5 m,40.0 kg,72,95,67,103,71,122,530
#659,Bunnelby,Normal,Unknown,Brown,0.4 m,5.0 kg,38,36,38,32,36,57,237
#660,Diggersby,Normal,Ground,Brown,1.0 m,42.4 kg,85,56,77,50,77,78,423
#661,Fletchling,Normal,Flying,Red,0.3 m,1.7 kg,45,50,43,40,38,62,278
#662,Fletchinder,Fire,Flying,Red,0.7 m,16.0 kg,62,73,55,56,52,84,382
#663,Talonflame,Fire,Flying,Red,1.2 m,24.5 kg,78,81,71,74,69,126,499
#664,Scatterbug,Bug,Unknown,Black,0.3 m,2.5 kg,38,35,40,27,25,35,200
#665,Spewpa,Bug,Unknown,Black,0.3 m,8.4 kg,45,22,60,27,30,29,213
#666,Vivillon,Bug,Flying,White,1.2 m,17.0 kg,80,52,50,90,50,89,411
#667,Litleo,Fire,Normal,Brown,0.6 m,13.5 kg,62,50,58,73,54,72,369
#668,Pyroar,Fire,Normal,Brown,1.5 m,81.5 kg,86,68,72,109,66,106,507
#669,Flabébé,Fairy,Unknown,White,0.1 m,0.1 kg,44,38,39,61,79,42,303
#670,Floette,Fairy,Unknown,White,0.2 m,0.9 kg,54,45,47,75,98,52,371
#671,Florges,Fairy,Unknown,White,1.1 m,10.0 kg,78,65,68,112,154,75,552
#672,Skiddo,Grass,Unknown,Brown,0.9 m,31.0 kg,66,65,48,62,57,52,350
#673,Gogoat,Grass,Unknown,Brown,1.7 m,91.0 kg,123,100,62,97,81,68,531
#674,Pancham,Fighting,Unknown,White,0.6 m,8.0 kg,67,82,62,46,48,43,348
#675,Pangoro,Fighting,Dark,White,2.1 m,136.0 kg,95,124,78,69,71,58,495
#676,Furfrou,Normal,Unknown,,1.2 m,28.0 kg,75,80,60,65,90,102,472
#677,Espurr,Psychic,Unknown,Gray,0.3 m,3.5 kg,62,48,54,63,60,68,355
#678,Meowstic,Psychic,Unknown,Blue,0.6 m,8.5 kg,74,48,76,83,81,104,466
#679,Honedge,Steel,Ghost,,0.8 m,2.0 kg,45,80,100,35,37,28,325
#680,Doublade,Steel,Ghost,,0.8 m,4.5 kg,59,110,150,45,49,35,448
#681,Aegislash,Steel,Ghost,,1.7 m,53.0 kg,60,50,150,50,150,60,520
#682,Spritzee,Fairy,Unknown,Pink,0.2 m,0.5 kg,78,52,60,63,65,23,341
#683,Aromatisse,Fairy,Unknown,Pink,0.8 m,15.5 kg,101,72,72,99,89,29,462
#684,Swirlix,Fairy,Unknown,White,0.4 m,3.5 kg,62,48,66,59,57,49,341
#685,Slurpuff,Fairy,Unknown,White,0.8 m,5.0 kg,82,80,86,85,75,72,480
#686,Inkay,Dark,Psychic,Blue,0.4 m,3.5 kg,53,54,53,37,46,45,288
#687,Malamar,Dark,Psychic,Blue,1.5 m,47.0 kg,86,92,88,68,75,73,482
#688,Binacle,Rock,Water,Brown,0.5 m,31.0 kg,42,52,67,39,56,50,306
#689,Barbaracle,Rock,Water,Brown,1.3 m,96.0 kg,72,105,115,54,86,68,500
#690,Skrelp,Poison,Water,Brown,0.5 m,7.3 kg,50,60,60,60,60,30,320
#691,Dragalge,Poison,Dragon,Brown,1.8 m,81.5 kg,65,75,90,97,123,44,494
#692,Clauncher,Water,Unknown,,0.5 m,8.3 kg,50,53,62,58,63,44,330
#693,Clawitzer,Water,Unknown,,1.3 m,35.3 kg,71,73,88,120,89,59,500
#694,Helioptile,Electric,Normal,Yellow,0.5 m,6.0 kg,44,38,33,61,43,70,289
#695,Heliolisk,Electric,Normal,Yellow,1.0 m,21.0 kg,62,55,52,109,94,109,481
#696,Tyrunt,Rock,Dragon,Brown,0.8 m,26.0 kg,58,89,77,45,45,48,362
#697,Tyrantrum,Rock,Dragon,Red,2.5 m,270.0 kg,82,121,119,69,59,71,521
#698,Amaura,Rock,Ice,Blue,1.3 m,25.2 kg,77,59,50,67,63,46,362
#699,Aurorus,Rock,Ice,Blue,2.7 m,225.0 kg,123,77,72,99,92,58,521
#700,Sylveon,Fairy,Unknown,Pink,1.0 m,23.5 kg,95,65,65,110,130,60,525
#701,Hawlucha,Fighting,Flying,Green,0.8 m,21.5 kg,78,92,75,74,63,118,500
#702,Dedenne,Electric,Fairy,Yellow,0.2 m,2.2 kg,67,58,57,81,67,101,431
#703,Carbink,Rock,Fairy,Gray,0.3 m,5.7 kg,50,50,150,50,150,50,500
#704,Goomy,Dragon,Unknown,Purple,0.3 m,2.8 kg,45,50,35,55,75,40,300
#705,Sliggoo,Dragon,Unknown,Purple,0.8 m,17.5 kg,68,75,53,83,113,60,452
#706,Goodra,Dragon,Unknown,Purple,2.0 m,150.5 kg,90,100,70,110,150,80,600
#707,Klefki,Steel,Fairy,Gray,0.2 m,3.0 kg,57,80,91,80,87,75,470
#708,Phantump,Ghost,Grass,Brown,0.4 m,7.0 kg,43,70,48,50,60,38,309
#709,Trevenant,Ghost,Grass,Brown,1.5 m,71.0 kg,85,110,76,65,82,56,474
#710,Pumpkaboo,Ghost,Grass,Brown,0.3 m,3.5 kg,44,66,70,44,55,56,335
#711,Gourgeist,Ghost,Grass,Brown,0.7 m,9.5 kg,55,85,122,58,75,99,494
#712,Bergmite,Ice,Unknown,Blue,1.0 m,99.5 kg,55,69,85,32,35,28,304
#713,Avalugg,Ice,Unknown,Blue,2.0 m,505.0 kg,95,117,184,44,46,28,514
#714,Noibat,Flying,Dragon,Purple,0.5 m,8.0 kg,40,30,35,45,40,55,245
#715,Noivern,Flying,Dragon,Purple,1.5 m,85.0 kg,85,70,80,97,80,123,535
#716,Xerneas,Fairy,Unknown,,3.0 m,215.0 kg,126,131,95,131,98,99,680
#717,Yveltal,Dark,Flying,,5.8 m,203.0 kg,126,131,95,131,98,99,680
#718,Zygarde,Dragon,Ground,Green,5.0 m,305.0 kg,108,100,121,81,95,95,600
#719,Diancie,Rock,Fairy,Pink,0.7 m,8.8 kg,50,100,150,100,150,50,600
#720,Hoopa,Psychic,Ghost,Purple,0.5 m,9.0 kg,80,110,60,150,130,70,600
#721,Volcanion,Fire,Water,,1.7 m,195.0 kg,80,110,120,130,90,70,600
#722,Rowlet,Grass,Flying,Brown,0.3 m,1.5 kg,68,55,55,50,50,42,320
#723,Dartrix,Grass,Flying,Brown,0.7 m,16.0 kg,78,75,75,70,70,52,420
#724,Decidueye,Grass,Ghost,Brown,1.6 m,36.6 kg,78,107,75,100,100,70,530
#725,Litten,Fire,Unknown,Red,0.4 m,4.3 kg,45,65,40,60,40,70,320
#726,Torracat,Fire,Unknown,Red,0.7 m,25.0 kg,65,85,50,80,50,90,420
#727,Incineroar,Fire,Dark,Red,1.8 m,83.0 kg,95,115,90,80,90,60,530
#728,Popplio,Water,Unknown,Blue,0.4 m,7.5 kg,50,54,54,66,56,40,320
#729,Brionne,Water,Unknown,Blue,0.6 m,17.5 kg,60,69,69,91,81,50,420
#730,Primarina,Water,Fairy,Blue,1.8 m,44.0 kg,80,74,74,126,116,60,530
#731,Pikipek,Normal,Flying,Black,0.3 m,1.2 kg,35,75,30,30,30,65,265
#732,Trumbeak,Normal,Flying,Black,0.6 m,14.8 kg,55,85,50,40,50,75,355
#733,Toucannon,Normal,Flying,Black,1.1 m,26.0 kg,80,120,75,75,75,60,485
#734,Yungoos,Normal,Unknown,Brown,0.4 m,6.0 kg,48,70,30,30,30,45,253
#735,Gumshoos,Normal,Unknown,Brown,0.7 m,14.2 kg,88,110,60,55,60,45,418
#736,Grubbin,Bug,Unknown,,0.4 m,4.4 kg,47,62,45,55,45,46,300
#737,Charjabug,Bug,Electric,,0.5 m,10.5 kg,57,82,95,55,75,36,400
#738,Vikavolt,Bug,Electric,,1.5 m,45.0 kg,77,70,90,145,75,43,500
#739,Crabrawler,Fighting,Unknown,Purple,0.6 m,7.0 kg,47,82,57,42,47,63,338
#740,Crabominable,Fighting,Ice,White,1.7 m,180.0 kg,97,132,77,62,67,43,478
#741,Oricorio,Fire,Flying,Red,0.6 m,3.4 kg,75,70,70,98,70,93,476
#742,Cutiefly,Bug,Fairy,Yellow,0.1 m,0.2 kg,40,45,40,55,40,84,304
#743,Ribombee,Bug,Fairy,Yellow,0.2 m,0.5 kg,60,55,60,95,70,124,464
#744,Rockruff,Rock,Unknown,Brown,0.5 m,9.2 kg,45,65,40,30,40,60,280
#745,Lycanroc,Rock,Unknown,Brown,0.8 m,25.0 kg,75,115,65,55,65,112,487
#746,Wishiwashi,Water,Unknown,,0.2 m,0.3 kg,45,20,20,25,25,40,175
#747,Mareanie,Poison,Water,Blue,0.4 m,8.0 kg,50,53,62,43,52,45,305
#748,Toxapex,Poison,Water,Blue,0.7 m,14.5 kg,50,63,152,53,142,35,495
#749,Mudbray,Ground,Unknown,Brown,1.0 m,110.0 kg,70,100,70,45,55,45,385
#750,Mudsdale,Ground,Unknown,Brown,2.5 m,920.0 kg,100,125,100,55,85,35,500
#751,Dewpider,Water,Bug,Green,0.3 m,4.0 kg,38,40,52,40,72,27,269
#752,Araquanid,Water,Bug,Green,1.8 m,82.0 kg,68,70,92,50,132,42,454
#753,Fomantis,Grass,Unknown,Pink,0.3 m,1.5 kg,40,55,35,50,35,35,250
#754,Lurantis,Grass,Unknown,Pink,0.9 m,18.5 kg,70,105,90,80,90,45,480
#755,Morelull,Grass,Fairy,Purple,0.2 m,1.5 kg,40,35,55,65,75,15,285
#756,Shiinotic,Grass,Fairy,Purple,1.0 m,11.5 kg,60,45,80,90,100,30,405
#757,Salandit,Poison,Fire,Black,0.6 m,4.8 kg,48,44,40,71,40,77,320
#758,Salazzle,Poison,Fire,Black,1.2 m,22.2 kg,68,64,60,111,60,117,480
#759,Stufful,Normal,Fighting,Pink,0.5 m,6.8 kg,70,75,50,45,50,50,340
#760,Bewear,Normal,Fighting,Pink,2.1 m,135.0 kg,120,125,80,55,60,60,500
#761,Bounsweet,Grass,Unknown,Purple,0.3 m,3.2 kg,42,30,38,30,38,32,210
#762,Steenee,Grass,Unknown,Purple,0.7 m,8.2 kg,52,40,48,40,48,62,290
#763,Tsareena,Grass,Unknown,Purple,1.2 m,21.4 kg,72,120,98,50,98,72,510
#764,Comfey,Fairy,Unknown,Green,0.1 m,0.3 kg,51,52,90,82,110,100,485
#765,Oranguru,Normal,Psychic,White,1.5 m,76.0 kg,90,60,80,90,110,60,490
#766,Passimian,Fighting,Unknown,White,2.0 m,82.8 kg,100,120,90,40,60,80,490
#767,Wimpod,Bug,Water,,0.5 m,12.0 kg,25,35,40,20,30,80,230
#768,Golisopod,Bug,Water,,2.0 m,108.0 kg,75,125,140,60,90,40,530
#769,Sandygast,Ghost,Ground,Brown,0.5 m,70.0 kg,55,55,80,70,45,15,320
#770,Palossand,Ghost,Ground,Brown,1.3 m,250.0 kg,85,75,110,100,75,35,480
#771,Pyukumuku,Water,Unknown,Black,0.3 m,1.2 kg,55,60,130,30,130,5,410
#772,Type: Null,Normal,Unknown,,1.9 m,120.5 kg,95,95,95,95,95,59,534
#773,Silvally,Normal,Unknown,,2.3 m,100.5 kg,95,95,95,95,95,95,570
#774,Minior,Rock,Flying,,0.3 m,40.0 kg,60,60,100,60,100,60,440
#775,Komala,Normal,Unknown,,0.4 m,19.9 kg,65,115,65,75,95,65,480
#776,Turtonator,Fire,Dragon,,2.0 m,212.0 kg,60,78,135,91,85,36,485
#777,Togedemaru,Electric,Steel,Gray,0.3 m,3.3 kg,65,98,63,40,73,96,435
#778,Mimikyu,Ghost,Fairy,,0.2 m,0.7 kg,55,90,80,50,105,96,476
#779,Bruxish,Water,Psychic,Pink,0.9 m,19.0 kg,68,105,70,70,70,92,475
#780,Drampa,Normal,Dragon,White,3.0 m,185.0 kg,78,60,85,135,91,36,485
#781,Dhelmise,Ghost,Grass,,3.9 m,210.0 kg,70,131,100,86,90,40,517
#782,Jangmo-o,Dragon,Unknown,Gray,0.6 m,29.7 kg,45,55,65,45,45,45,300
#783,Hakamo-o,Dragon,Fighting,Gray,1.2 m,47.0 kg,55,75,90,65,70,65,420
#784,Kommo-o,Dragon,Fighting,Gray,1.6 m,78.2 kg,75,110,125,100,105,85,600
#785,Tapu Koko,Electric,Fairy,Yellow,1.8 m,20.5 kg,70,115,85,95,75,130,570
#786,Tapu Lele,Psychic,Fairy,Pink,1.2 m,18.6 kg,70,85,75,130,115,95,570
#787,Tapu Bulu,Grass,Fairy,Red,1.9 m,45.5 kg,70,130,115,85,95,75,570
#788,Tapu Fini,Water,Fairy,Purple,1.3 m,21.2 kg,70,75,115,95,130,85,570
#789,Cosmog,Psychic,Unknown,,0.2 m,0.1 kg,43,29,31,29,31,37,200
#790,Cosmoem,Psychic,Unknown,,0.1 m,999.9 kg,43,29,131,29,131,37,400
#791,Solgaleo,Psychic,Steel,,3.4 m,230.0 kg,137,137,107,113,89,97,680
#792,Lunala,Psychic,Ghost,,4.0 m,120.0 kg,137,113,89,137,107,97,680
#793,Nihilego,Rock,Poison,,1.2 m,55.5 kg,109,53,47,127,131,103,570
#794,Buzzwole,Bug,Fighting,,2.4 m,333.6 kg,107,139,139,53,53,79,570
#795,Pheromosa,Bug,Fighting,,1.8 m,25.0 kg,71,137,37,137,37,151,570
#796,Xurkitree,Electric,Unknown,,3.8 m,100.0 kg,83,89,71,173,71,83,570
#797,Celesteela,Steel,Flying,,9.2 m,999.9 kg,97,101,103,107,101,61,570
#798,Kartana,Grass,Steel,,0.3 m,0.1 kg,59,181,131,59,31,109,570
#799,Guzzlord,Dark,Dragon,,5.5 m,888.0 kg,223,101,53,97,53,43,570
#800,Necrozma,Psychic,Unknown,Black,2.4 m,230.0 kg,97,107,101,127,89,79,600
#801,Magearna,Steel,Fairy,,1.0 m,80.5 kg,80,95,115,130,115,65,600
#802,Marshadow,Fighting,Ghost,,0.7 m,22.2 kg,90,125,80,90,90,125,600
#803,Poipole,Poison,Unknown,,0.6 m,1.8 kg,67,73,67,73,67,73,420
#804,Naganadel,Poison,Dragon,,3.6 m,150 kg,73,73,73,127,73,121,540
#805,Stakataka,Rock,Steel,,5.5 m,820.0 kg,61,131,211,53,101,13,570
#806,Blacephalon,Fire,Ghost,,1.8 m,13.0 kg,53,127,53,151,79,107,570
#807,Zeraora,Electric,Unknown,,1.5 m,44.5 kg,88,112,75,102,80,143,600
#808,Meltan,Steel,Unknown,,0.2 m,8.0 kg,46,65,65,55,35,34,300
#809,Melmetal,Steel,Unknown,,2.5 m,800.0 kg,135,143,143,80,65,34,600
#810,Grookey,Grass,Unknown,Green,0.3 m,5.0 kg,50,65,50,40,40,65,310
#811,Thwackey,Grass,Unknown,Green,0.7 m,14.0 kg,70,85,70,55,60,80,420
#812,Rillaboom,Grass,Unknown,Green,2.1 m,90.0 kg,100,125,90,60,70,85,530
#813,Scorbunny,Fire,Unknown,White,0.3 m,4.5 kg,50,71,40,40,40,69,310
#814,Raboot,Fire,Unknown,Gray,0.6 m,9.0 kg,65,86,60,55,60,94,420
#815,Cinderace,Fire,Unknown,White,1.4 m,33.0 kg,80,116,75,65,75,119,530
#816,Sobble,Water,Unknown,Blue,0.3 m,4.0 kg,50,40,40,70,40,70,310
#817,Drizzile,Water,Unknown,Blue,0.7 m,11.5 kg,65,60,55,95,55,90,420
#818,Inteleon,Water,Unknown,Blue,1.9 m,45.2 kg,70,85,65,125,65,120,530
#819,Skwovet,Normal,Unknown,Brown,0.3 m,2.5 kg,70,55,55,35,35,25,275
#820,Greedent,Normal,Unknown,Brown,0.6 m,6.0 kg,120,95,95,55,75,20,460
#821,Rookidee,Flying,Unknown,Blue,0.2 m,1.8 kg,38,47,35,33,35,57,245
#822,Corvisquire,Flying,Unknown,Blue,0.8 m,16.0 kg,68,67,55,43,55,77,365
#823,Corviknight,Flying,Steel,Purple,2.2 m,75.0 kg,98,87,105,53,85,67,495
#824,Blipbug,Bug,Unknown,Blue,0.4 m,8.0 kg,25,20,20,25,45,45,180
#825,Dottler,Bug,Psychic,Yellow,0.4 m,19.5 kg,50,35,80,50,90,30,335
#826,Orbeetle,Bug,Psychic,Red,0.4 m,40.8 kg,60,45,110,80,120,90,505
#827,Nickit,Dark,Unknown,Brown,0.6 m,8.9 kg,40,28,28,47,52,50,245
#828,Thievul,Dark,Unknown,Brown,1.2 m,19.9 kg,70,58,58,87,92,90,455
#829,Gossifleur,Grass,Unknown,Green,0.4 m,2.2 kg,40,40,60,40,60,10,250
#830,Eldegoss,Grass,Unknown,Green,0.5 m,2.5 kg,60,50,90,80,120,60,460
#831,Wooloo,Normal,Unknown,White,0.6 m,6.0 kg,42,40,55,40,45,48,270
#832,Dubwool,Normal,Unknown,White,1.3 m,43.0 kg,72,80,100,60,90,88,490
#833,Chewtle,Water,Unknown,Green,0.3 m,8.5 kg,50,64,50,38,38,44,284
#834,Drednaw,Water,Rock,Green,1.0 m,115.5 kg,90,115,90,48,68,74,485
#835,Yamper,Electric,Unknown,Yellow,0.3 m,13.5 kg,59,45,50,40,50,26,270
#836,Boltund,Electric,Unknown,Yellow,1.0 m,34.0 kg,69,90,60,90,60,121,490
#837,Rolycoly,Rock,Unknown,Black,0.3 m,12.0 kg,30,40,50,40,50,30,240
#838,Carkol,Rock,Fire,Black,1.1 m,78.0 kg,80,60,90,60,70,50,410
#839,Coalossal,Rock,Fire,Black,2.8 m,310.5 kg,110,80,120,80,90,30,510
#840,Applin,Grass,Dragon,Green,0.2 m,0.5 kg,40,40,80,40,40,20,260
#841,Flapple,Grass,Dragon,Green,0.3 m,1.0 kg,70,110,80,95,60,70,485
#842,Appletun,Grass,Dragon,Green,0.4 m,13.0 kg,110,85,80,100,80,30,485
#843,Silicobra,Ground,Unknown,Green,2.2 m,7.6 kg,52,57,75,35,50,46,315
#844,Sandaconda,Ground,Unknown,Green,3.8 m,65.5 kg,72,107,125,65,70,71,510
#845,Cramorant,Flying,Water,,0.8 m,18.0 kg,70,85,55,85,95,85,475
#846,Arrokuda,Water,Unknown,Brown,0.5 m,1.0 kg,41,63,40,40,30,66,280
#847,Barraskewda,Water,Unknown,Brown,1.3 m,30.0 kg,61,123,60,60,50,136,490
#848,Toxel,Electric,Poison,Purple,0.4 m,11.0 kg,40,38,35,54,35,40,242
#849,Toxtricity,Electric,Poison,Purple,1.6 m,40.0 kg,75,98,70,114,70,75,502
#850,Sizzlipede,Fire,Bug,Red,0.7 m,1.0 kg,50,65,45,50,50,45,305
#851,Centiskorch,Fire,Bug,Red,3.0 m,120.0 kg,100,115,65,90,90,65,525
#852,Clobbopus,Fighting,Unknown,Brown,0.6 m,4.0 kg,50,68,60,50,50,32,310
#853,Grapploct,Fighting,Unknown,Blue,1.6 m,39.0 kg,80,118,90,70,80,42,480
#854,Sinistea,Ghost,Unknown,Purple,0.1 m,0.2 kg,40,45,45,74,54,50,308
#855,Polteageist,Ghost,Unknown,Purple,0.2 m,0.4 kg,60,65,65,134,114,70,508
#856,Hatenna,Psychic,Unknown,Pink,0.4 m,3.4 kg,42,30,45,56,53,39,265
#857,Hattrem,Psychic,Unknown,Pink,0.6 m,4.8 kg,57,40,65,86,73,49,370
#858,Hatterene,Psychic,Fairy,Pink,2.1 m,5.1 kg,57,90,95,136,103,29,510
#859,Impidimp,Dark,Fairy,Pink,0.4 m,5.5 kg,45,45,30,55,40,50,265
#860,Morgrem,Dark,Fairy,Pink,0.8 m,12.5 kg,65,60,45,75,55,70,370
#861,Grimmsnarl,Dark,Fairy,Purple,1.5 m,61.0 kg,95,120,65,95,75,60,510
#862,Obstagoon,Dark,Normal,Gray,1.6 m,46.0 kg,93,90,101,60,81,95,520
#863,Perrserker,Steel,Unknown,Brown,0.8 m,28.0 kg,70,110,100,50,60,50,440
#864,Cursola,Ghost,Unknown,White,1.0 m,0.4 kg,60,95,50,145,130,30,510
#865,Sirfetch'd,Fighting,Unknown,White,0.8 m,117.0 kg,62,135,95,68,82,65,507
#866,Mr. Rime,Ice,Psychic,Purple,1.5 m,58.2 kg,80,85,75,110,100,70,520
#867,Runerigus,Ground,Ghost,,1.6 m,66.6 kg,58,95,145,50,105,30,483
#868,Milcery,Fairy,Unknown,White,0.2 m,0.3 kg,45,40,40,50,61,34,270
#869,Alcremie,Fairy,Unknown,White,0.3 m,0.5 kg,65,60,75,110,121,64,495
#870,Falinks,Fighting,Unknown,Yellow,3.0 m,62.0 kg,65,100,100,70,60,75,470
#871,Pincurchin,Electric,Unknown,Purple,0.3 m,1.0 kg,48,101,95,91,85,15,435
#872,Snom,Ice,Bug,White,0.3 m,3.8 kg,30,25,35,45,30,20,185
#873,Frosmoth,Ice,Bug,White,1.3 m,42.0 kg,70,65,60,125,90,65,475
#874,Stonjourner,Rock,Unknown,,2.5 m,520.0 kg,100,125,135,20,20,70,470
#875,Eiscue,Ice,Unknown,,1.4 m,89.0 kg,75,80,110,65,90,50,470
#876,Indeedee,Psychic,Normal,Purple,0.9 m,28.0 kg,60,65,55,105,95,95,475
#877,Morpeko,Electric,Dark,,0.3 m,3.0 kg,58,95,58,70,58,97,436
#878,Cufant,Steel,Unknown,Yellow,1.2 m,100.0 kg,72,80,49,40,49,40,330
#879,Copperajah,Steel,Unknown,Green,3.0 m,650.0 kg,122,130,69,80,69,30,500
#880,Dracozolt,Electric,Dragon,Green,1.8 m,190.0 kg,90,100,90,80,70,75,505
#881,Arctozolt,Electric,Ice,Blue,2.3 m,150.0 kg,90,100,90,90,80,55,505
#882,Dracovish,Water,Dragon,Green,2.3 m,215.0 kg,90,90,100,70,80,75,505
#883,Arctovish,Water,Ice,Blue,2.0 m,175.0 kg,90,90,100,80,90,55,505
#884,Duraludon,Steel,Dragon,White,1.8 m,40.0 kg,70,95,115,120,50,85,535
#885,Dreepy,Dragon,Ghost,Green,0.5 m,2.0 kg,28,60,30,40,30,82,270
#886,Drakloak,Dragon,Ghost,Green,1.4 m,11.0 kg,68,80,50,60,50,102,410
#887,Dragapult,Dragon,Ghost,Green,3.0 m,50.0 kg,88,120,75,100,75,142,600
#888,Zacian,Fairy,Unknown,Blue,2.8 m,110.0 kg,92,130,115,80,115,138,670
#889,Zamazenta,Fighting,Unknown,Red,2.9 m,210.0 kg,92,130,115,80,115,138,670
#890,Eternatus,Poison,Dragon,,20.0 m,950.0 kg,140,85,95,145,95,130,690
#891,Kubfu,Fighting,Unknown,,0.6 m,12.0 kg,60,90,60,53,50,72,385
#892,Urshifu,Fighting,Dark,Gray,1.9 m,105.0 kg,100,130,100,63,60,97,550
#893,Zarude,Dark,Grass,,1.8 m,70.0 kg,105,120,105,70,95,105,600
#894,Regieleki,Electric,Unknown,,1.2 m,145.0 kg,80,100,50,100,50,200,580
#895,Regidrago,Dragon,Unknown,,2.1 m,200.0 kg,200,100,50,100,50,80,580
#896,Glastrier,Ice,Unknown,,2.2 m,800.0 kg,100,145,130,65,110,30,580
#897,Spectrier,Ghost,Unknown,,2.0 m,44.5 kg,100,65,60,145,80,130,580
#898,Calyrex,Psychic,Grass,Green,1.1 m,7.7 kg,100,80,80,80,80,80,500
#899,Wyrdeer,Normal,Psychic,Gray,1.8 m,95.1 kg,103,105,72,105,75,65,525
#900,Kleavor,Bug,Rock,Brown,1.8 m,89.0 kg,70,135,95,45,70,85,500
#901,Ursaluna,Ground,Normal,Brown,2.4 m,290.0 kg,130,140,105,45,80,50,550
#902,Basculegion,Water,Ghost,Unknown,3.0 m,110.0 kg,120,112,65,80,75,78,530
#903,Sneasler,Fighting,Poison,Gray,1.3 m,43.0 kg,80,130,60,40,80,120,510
#904,Overqwil,Dark,Poison,Black,2.5 m,60.5 kg,85,115,95,65,65,85,510
#905,Enamorus,Fairy,Flying,Unknown,1.6 m,48.0 kg,74,115,70,135,80,106,580
